Date,Open,High,Low,Close,Volume,Ex-Dividend,Split Ratio,Adj. Open,Adj. High,Adj. Low,Adj. Close,Adj. Volume,Weekday,VarPercentage
2015-07-20,41.46,42.55,39.8,40.47,52286509.0,0.0,1.0,41.46,42.55,39.8,40.47,52286509.0,0,6.909547738424848
2015-07-21,41.08,41.11,39.12,39.35,32954573.0,0.0,1.0,41.08,41.11,39.12,39.35,32954573.0,1,5.086912065171049
2015-07-22,39.35,39.7178,38.1,38.39,25380859.0,0.0,1.0,39.35,39.7178,38.1,38.39,25380859.0,2,4.246194225448164
2015-07-23,38.74,38.75,36.93,37.01,19250154.0,0.0,1.0,38.74,38.75,36.93,37.01,19250154.0,3,4.928242620891069
2015-07-24,37.71,38.0,36.91,37.0,14274305.0,0.0,1.0,37.71,38.0,36.91,37.0,14274305.0,4,2.953129232991188
2015-07-27,36.78,37.38,36.22,36.39,16179913.0,0.0,1.0,36.78,37.38,36.22,36.39,16179913.0,0,3.2026504690690274
2015-07-28,37.19,38.0,36.8296,37.6,18986016.0,0.0,1.0,37.19,38.0,36.8296,37.6,18986016.0,1,3.177878662534539
2015-07-29,38.03,38.1,37.62,37.95,11788439.0,0.0,1.0,38.03,38.1,37.62,37.95,11788439.0,2,1.2759170651215612
2015-07-30,38.04,39.01,37.715,38.45,13845091.0,0.0,1.0,38.04,39.01,37.715,38.45,13845091.0,3,3.433647089742962
2015-07-31,39.14,39.2,38.2199,38.7,12480580.0,0.0,1.0,39.14,39.2,38.2199,38.7,12480580.0,4,2.5643709164530293
2015-08-03,39.25,39.88,38.9,39.39,15126574.0,0.0,1.0,39.25,39.88,38.9,39.39,15126574.0,0,2.519280205391979
2015-08-04,39.91,39.91,38.43,38.95,10992217.0,0.0,1.0,39.91,39.91,38.43,38.95,10992217.0,1,3.8511579492483463
2015-08-05,39.7,39.88,39.17,39.27,9349565.0,0.0,1.0,39.7,39.88,39.17,39.27,9349565.0,2,1.812611692361969
2015-08-06,39.63,39.74,38.55,38.85,7324116.0,0.0,1.0,39.63,39.74,38.55,38.85,7324116.0,3,3.0869001294342837
2015-08-07,39.04,39.23,38.6,39.13,8331310.0,0.0,1.0,39.04,39.23,38.6,39.13,8331310.0,4,1.6321243520683026
2015-08-10,39.43,39.69,38.7701,39.05,7998929.0,0.0,1.0,39.43,39.69,38.7701,39.05,7998929.0,0,2.372704738697152
2015-08-11,38.93,39.28,38.72,38.85,8184004.0,0.0,1.0,38.93,39.28,38.72,38.85,8184004.0,1,1.446280991473543
2015-08-12,38.55,38.58,37.01,38.19,21366670.0,0.0,1.0,38.55,38.58,37.01,38.19,21366670.0,2,4.242096730331696
2015-08-13,38.4,38.49,37.44,37.62,7863525.0,0.0,1.0,38.4,38.49,37.44,37.62,7863525.0,3,2.8044871792126003
2015-08-14,37.49,38.18,37.38,38.14,6271143.0,0.0,1.0,37.49,38.18,37.38,38.14,6271143.0,4,2.140181915189544
2015-08-17,38.3,38.75,37.7,38.73,4931711.0,0.0,1.0,38.3,38.75,37.7,38.73,4931711.0,0,2.785145888321509
2015-08-18,39.0,39.0,37.87,37.99,4678847.0,0.0,1.0,39.0,39.0,37.87,37.99,4678847.0,1,2.983892262733079
2015-08-19,37.87,38.1,37.03,37.19,6923402.0,0.0,1.0,37.87,38.1,37.03,37.19,6923402.0,2,2.88954901403487
2015-08-20,36.85,37.34,35.88,35.98,10645667.0,0.0,1.0,36.85,37.34,35.88,35.98,10645667.0,3,4.069119286220541
2015-08-21,35.57,36.11,33.83,34.25,16824144.0,0.0,1.0,35.57,36.11,33.83,34.25,16824144.0,4,6.739580253896719
2015-08-24,31.17,34.85,30.0,33.75,19676580.0,0.0,1.0,31.17,34.85,30.0,33.75,19676580.0,0,16.16666666627947
2015-08-25,35.44,35.46,32.7,32.7,15557082.0,0.0,1.0,35.44,35.46,32.7,32.7,15557082.0,1,8.440366972145426
2015-08-26,33.7,33.84,31.71,33.17,25350364.0,0.0,1.0,33.7,33.84,31.71,33.17,25350364.0,2,6.717123935330463
2015-08-27,34.0,34.77,33.16,34.62,18909574.0,0.0,1.0,34.0,34.77,33.16,34.62,18909574.0,3,4.855247285570414
2015-08-28,34.51,35.26,34.37,35.04,8344820.0,0.0,1.0,34.51,35.26,34.37,35.04,8344820.0,4,2.5894675586191767
2015-08-31,35.49,35.51,34.77,35.0,12123766.0,0.0,1.0,35.49,35.51,34.77,35.0,12123766.0,0,2.1282714981244197
2015-09-01,34.24,34.68,33.41,33.77,13375959.0,0.0,1.0,34.24,34.68,33.41,33.77,13375959.0,1,3.8012571083394278
2015-09-02,34.6,35.08,33.835,35.07,7521045.0,0.0,1.0,34.6,35.08,33.835,35.07,7521045.0,2,3.6796216932061867
2015-09-03,35.01,35.46,34.77,35.31,6683814.0,0.0,1.0,35.01,35.46,34.77,35.31,6683814.0,3,1.9844693698533433
2015-09-04,34.71,34.72,33.78,34.29,7483792.0,0.0,1.0,34.71,34.72,33.78,34.29,7483792.0,4,2.782711663402054
2015-09-08,34.81,34.89,34.25,34.7,7674452.0,0.0,1.0,34.81,34.89,34.25,34.7,7674452.0,1,1.8686131383887101
2015-09-09,34.92,34.95,33.88,34.37,10946887.0,0.0,1.0,34.92,34.95,33.88,34.37,10946887.0,2,3.1582054306282146
2015-09-10,34.23,34.29,32.95,33.46,12134501.0,0.0,1.0,34.23,34.29,32.95,33.46,12134501.0,3,4.0667678297296845
2015-09-11,33.27,33.59,32.61,33.55,9184211.0,0.0,1.0,33.27,33.59,32.61,33.55,9184211.0,4,3.005213124492471
2015-09-14,33.7,33.95,33.2,33.77,7897681.0,0.0,1.0,33.7,33.95,33.2,33.77,7897681.0,0,2.259036144270297
2015-09-15,33.72,33.95,32.67,33.8,11874863.0,0.0,1.0,33.72,33.95,32.67,33.8,11874863.0,1,3.917967554013103
2015-09-16,33.46,34.06,33.36,33.77,7183907.0,0.0,1.0,33.46,34.06,33.36,33.77,7183907.0,2,2.098321342619599
2015-09-17,33.72,33.99,33.08,33.32,7846799.0,0.0,1.0,33.72,33.99,33.08,33.32,7846799.0,3,2.750906892071498
2015-09-18,32.9,33.78,32.55,32.92,16488139.0,0.0,1.0,32.9,33.78,32.55,32.92,16488139.0,4,3.778801842999144
2015-09-21,33.66,34.62,33.43,34.25,12736464.0,0.0,1.0,33.66,34.62,33.43,34.25,12736464.0,0,3.55967693657324
2015-09-22,33.94,34.1,33.1899,33.35,8538006.0,0.0,1.0,33.94,34.1,33.1899,33.35,8538006.0,1,2.7420992527764696
2015-09-23,33.49,34.34,33.26,34.16,5405501.0,0.0,1.0,33.49,34.34,33.26,34.16,5405501.0,2,3.247143715865164
2015-09-24,34.0,34.07,33.38,33.91,6544533.0,0.0,1.0,34.0,34.07,33.38,33.91,6544533.0,3,2.067106051222069
2015-09-25,34.6,34.69,33.5,33.77,6566750.0,0.0,1.0,34.6,34.69,33.5,33.77,6566750.0,4,3.5522388056610197
2015-09-28,33.68,33.68,32.155,32.25,7202535.0,0.0,1.0,33.68,33.68,32.155,32.25,7202535.0,0,4.742652775292356
2015-09-29,32.27,32.67,30.3,30.63,12008145.0,0.0,1.0,32.27,32.67,30.3,30.63,12008145.0,1,7.8217821778619765
2015-09-30,31.2,31.28,30.64,31.035,13537262.0,0.0,1.0,31.2,31.28,30.64,31.035,13537262.0,2,2.0887728456198147
2015-10-01,30.82,31.587,30.75,31.48,9656980.0,0.0,1.0,30.82,31.587,30.75,31.48,9656980.0,3,2.721951219178152
2015-10-02,30.82,32.86,30.75,32.83,7609776.0,0.0,1.0,30.82,32.86,30.75,32.83,7609776.0,4,6.86178861753865
2015-10-05,32.95,33.02,32.38,32.67,6119068.0,0.0,1.0,32.95,33.02,32.38,32.67,6119068.0,0,1.9765287211180436
2015-10-06,32.91,32.91,31.78,31.86,7443781.0,0.0,1.0,32.91,32.91,31.78,31.86,7443781.0,1,3.555695405589816
2015-10-07,32.31,32.471,31.52,32.38,6969581.0,0.0,1.0,32.31,32.471,31.52,32.38,6969581.0,2,3.0171319793685996
2015-10-08,32.44,32.45,31.09,31.67,9281454.0,0.0,1.0,32.44,32.45,31.09,31.67,9281454.0,3,4.374396911854703
2015-10-09,31.69,32.45,31.41,32.06,5911405.0,0.0,1.0,31.69,32.45,31.41,32.06,5911405.0,4,3.3110474367930465
2015-10-12,32.19,32.67,32.1,32.63,3915468.0,0.0,1.0,32.19,32.67,32.1,32.63,3915468.0,0,1.7757009342623746
2015-10-13,32.6,33.48,32.3399,33.22,8787712.0,0.0,1.0,32.6,33.48,32.3399,33.22,8787712.0,1,3.525366497411781
2015-10-14,33.4,34.46,33.4,34.05,8198250.0,0.0,1.0,33.4,34.46,33.4,34.05,8198250.0,2,3.173652694301879
2015-10-15,34.45,34.72,34.16,34.62,9103243.0,0.0,1.0,34.45,34.72,34.16,34.62,9103243.0,3,1.6393442619975502
2015-10-16,34.75,35.05,33.95,34.29,5390718.0,0.0,1.0,34.75,35.05,33.95,34.29,5390718.0,4,3.240058909857879
2015-10-19,34.43,34.905,33.79,34.84,5855686.0,0.0,1.0,34.43,34.905,33.79,34.84,5855686.0,0,3.2997928378120776
2015-10-20,34.8,34.99,34.59,34.87,6084245.0,0.0,1.0,34.8,34.99,34.59,34.87,6084245.0,1,1.1564035845586602
2015-10-21,34.75,34.8,32.88,33.83,9113873.0,0.0,1.0,34.75,34.8,32.88,33.83,9113873.0,2,5.839416058072231
2015-10-22,34.43,35.25,34.26,34.79,8735516.0,0.0,1.0,34.43,35.25,34.26,34.79,8735516.0,3,2.8896672501375065
2015-10-23,35.73,35.75,34.8,34.99,8909138.0,0.0,1.0,35.73,35.75,34.8,34.99,8909138.0,4,2.7298850571760624
2015-10-26,36.05,36.59,35.515,36.44,11554647.0,0.0,1.0,36.05,36.59,35.515,36.44,11554647.0,0,3.0268900461691572
2015-10-27,36.39,36.3941,35.31,35.94,8502406.0,0.0,1.0,36.39,36.3941,35.31,35.94,8502406.0,1,3.070235060597355
2015-10-28,36.21,36.65,35.81,36.52,11634340.0,0.0,1.0,36.21,36.65,35.81,36.52,11634340.0,2,2.3457134875667407
2015-10-29,34.73,36.5,34.5,35.91,25137251.0,0.0,1.0,34.73,36.5,34.5,35.91,25137251.0,3,5.797101448968704
2015-10-30,35.64,36.49,35.24,36.01,13409243.0,0.0,1.0,35.64,36.49,35.24,36.01,13409243.0,4,3.547105561567676
2015-11-02,35.58,37.41,35.45,36.99,11254928.0,0.0,1.0,35.58,37.41,35.45,36.99,11254928.0,0,5.528913963030931
2015-11-03,37.05,38.44,37.0,37.9,12025221.0,0.0,1.0,37.05,38.44,37.0,37.9,12025221.0,1,3.8918918916110954
2015-11-04,38.45,38.52,37.33,37.6,12226757.0,0.0,1.0,38.45,38.52,37.33,37.6,12226757.0,2,3.1877846233506943
2015-11-05,37.82,37.98,36.66,36.71,9068886.0,0.0,1.0,37.82,37.98,36.66,36.71,9068886.0,3,3.600654664201855
2015-11-06,36.59,36.7,35.8,36.24,10256842.0,0.0,1.0,36.59,36.7,35.8,36.24,10256842.0,4,2.513966480160576
2015-11-09,36.1,36.74,35.65,36.6,11571512.0,0.0,1.0,36.1,36.74,35.65,36.6,11571512.0,0,3.0575035060222717
2015-11-10,36.58,37.2,36.5,37.0,36384428.0,0.0,1.0,36.58,37.2,36.5,37.0,36384428.0,1,1.9178082188988697
2015-11-11,37.19,37.32,35.75,36.33,12762469.0,0.0,1.0,37.19,37.32,35.75,36.33,12762469.0,2,4.391608391316382
2015-11-12,35.945,36.05,34.83,35.57,11835858.0,0.0,1.0,35.945,36.05,34.83,35.57,11835858.0,3,3.5027275334381187
2015-11-13,35.18,35.4999,34.5,34.53,7364367.0,0.0,1.0,35.18,35.4999,34.5,34.53,7364367.0,4,2.8982608692669487
2015-11-16,34.55,35.66,34.53,35.61,6734488.0,0.0,1.0,34.55,35.66,34.53,35.61,6734488.0,0,3.2725166518874147
2015-11-17,35.89,36.45,35.71,36.21,7344143.0,0.0,1.0,35.89,36.45,35.71,36.21,7344143.0,1,2.072248669554554
2015-11-18,36.32,36.95,35.785,36.22,8323149.0,0.0,1.0,36.32,36.95,35.785,36.22,8323149.0,2,3.255554002785388
2015-11-19,36.45,36.5,35.91,36.19,5042281.0,0.0,1.0,36.45,36.5,35.91,36.19,5042281.0,3,1.6429963795554556
2015-11-20,36.45,36.45,35.9202,36.36,4543444.0,0.0,1.0,36.45,36.45,35.9202,36.36,4543444.0,4,1.4749361080910575
2015-11-23,36.5,36.65,35.41,35.56,6960964.0,0.0,1.0,36.5,36.65,35.41,35.56,6960964.0,0,3.5018356393575374
2015-11-24,35.25,35.3,34.88,35.12,8390058.0,0.0,1.0,35.25,35.3,34.88,35.12,8390058.0,1,1.2041284400768006
2015-11-25,35.2,35.86,35.13,35.36,3882189.0,0.0,1.0,35.2,35.86,35.13,35.36,3882189.0,2,2.0779960145115695
2015-11-27,35.52,35.7,35.06,35.18,2550193.0,0.0,1.0,35.52,35.7,35.06,35.18,2550193.0,4,1.825442098967983
2015-11-30,35.36,35.44,34.69,35.26,9357310.0,0.0,1.0,35.36,35.44,34.69,35.26,9357310.0,0,2.162006341590768
2015-12-01,35.41,35.41,33.85,35.17,14893927.0,0.0,1.0,35.41,35.41,33.85,35.17,14893927.0,1,4.608567207962722
2015-12-02,35.23,36.17,34.9301,35.15,5762384.0,0.0,1.0,35.23,36.17,34.9301,35.15,5762384.0,2,3.5496606076033146
2015-12-03,35.2,35.23,33.8501,34.23,7311905.0,0.0,1.0,35.2,35.23,33.8501,34.23,7311905.0,3,4.076501989346923
2015-12-04,34.38,35.82,34.22,35.62,10664349.0,0.0,1.0,34.38,35.82,34.22,35.62,10664349.0,4,4.67562828724526
2015-12-07,35.71,35.8,34.85,35.16,4917953.0,0.0,1.0,35.71,35.8,34.85,35.16,4917953.0,0,2.7259684358601675
2015-12-08,34.63,35.7,34.52,35.6,7420819.0,0.0,1.0,34.63,35.7,34.52,35.6,7420819.0,1,3.418308226815128
2015-12-09,35.39,35.6,34.83,35.07,7381669.0,0.0,1.0,35.39,35.6,34.83,35.07,7381669.0,2,2.21073786935915
2015-12-10,35.16,35.91,35.16,35.49,6949734.0,0.0,1.0,35.16,35.91,35.16,35.49,6949734.0,3,2.1331058017572957
2015-12-11,35.15,35.3263,34.42,34.69,8309205.0,0.0,1.0,35.15,35.3263,34.42,34.69,8309205.0,4,2.6330621728569668
2015-12-14,34.61,35.2226,34.33,35.01,5803074.0,0.0,1.0,34.61,35.2226,34.33,35.01,5803074.0,0,2.6000582577844398
2015-12-15,35.19,36.51,35.18,36.32,11709851.0,0.0,1.0,35.19,36.51,35.18,36.32,11709851.0,1,3.7805571344406275
2015-12-16,36.12,36.25,35.19,35.98,7076271.0,0.0,1.0,36.12,36.25,35.19,35.98,7076271.0,2,3.0122193802130965
2015-12-17,36.0,36.58,35.51,35.54,6454069.0,0.0,1.0,36.0,36.58,35.51,35.54,6454069.0,3,3.013235707961101
2015-12-18,35.35,35.76,34.73,34.98,13745948.0,0.0,1.0,35.35,35.76,34.73,34.98,13745948.0,4,2.965735674912267
2015-12-21,35.21,36.15,35.11,36.08,5856044.0,0.0,1.0,35.21,36.15,35.11,36.08,5856044.0,0,2.962119054107191
2015-12-22,36.12,36.89,35.78,36.805,6030899.0,0.0,1.0,36.12,36.89,35.78,36.805,6030899.0,1,3.1022917828309033
2015-12-23,36.79,37.68,36.77,37.11,7579531.0,0.0,1.0,36.79,37.68,36.77,37.11,7579531.0,2,2.4748436222396464
2015-12-24,37.01,37.23,36.82,37.07,2133437.0,0.0,1.0,37.01,37.23,36.82,37.07,2133437.0,3,1.113525257737308
2015-12-28,36.7,37.0,36.25,36.61,4930147.0,0.0,1.0,36.7,37.0,36.25,36.61,4930147.0,0,2.068965516959807
2015-12-29,36.92,37.45,36.75,37.08,3436624.0,0.0,1.0,36.92,37.45,36.75,37.08,3436624.0,1,1.9047619044846158
2015-12-30,37.07,37.25,36.46,36.48,4106713.0,0.0,1.0,37.07,37.25,36.46,36.48,4106713.0,2,2.1667580907784583
2015-12-31,36.3,36.5,36.0508,36.2,4481936.0,0.0,1.0,36.3,36.5,36.0508,36.2,4481936.0,3,1.246019505527613
2016-01-04,35.13,35.56,34.28,34.75,12287716.0,0.0,1.0,35.13,35.56,34.28,34.75,12287716.0,0,3.73395565897394
2016-01-05,34.98,34.98,33.86,34.31,11227717.0,0.0,1.0,34.98,34.98,33.86,34.31,11227717.0,1,3.3077377433452
2016-01-06,33.7,34.01,33.21,33.98,8441271.0,0.0,1.0,33.7,34.01,33.21,33.98,8441271.0,2,2.408912977710287
2016-01-07,33.15,34.161,33.02,33.13,11041083.0,0.0,1.0,33.15,34.161,33.02,33.13,11041083.0,3,3.4554815260343474
2016-01-08,33.46,33.88,32.63,32.69,7848846.0,0.0,1.0,33.46,33.88,32.63,32.69,7848846.0,4,3.830830523739408
2016-01-11,33.02,33.43,32.47,33.04,8937358.0,0.0,1.0,33.02,33.43,32.47,33.04,8937358.0,0,2.956575299960093
2016-01-12,33.35,33.57,32.66,33.08,7853995.0,0.0,1.0,33.35,33.57,32.66,33.08,7853995.0,1,2.786282914565888
2016-01-13,33.28,33.57,31.97,32.12,8069449.0,0.0,1.0,33.28,33.57,31.97,32.12,8069449.0,2,5.004691898326556
2016-01-14,32.15,33.04,31.705,32.87,7749477.0,0.0,1.0,32.15,33.04,31.705,32.87,7749477.0,3,4.210692319494697
2016-01-15,31.62,32.54,31.62,32.31,12174356.0,0.0,1.0,31.62,32.54,31.62,32.31,12174356.0,4,2.90955091681559
2016-01-19,32.76,33.18,31.93,32.2,6674703.0,0.0,1.0,32.76,33.18,31.93,32.2,6674703.0,1,3.9148136545445738
2016-01-20,31.43,31.7,30.52,31.2,13170588.0,0.0,1.0,31.43,31.7,30.52,31.2,13170588.0,2,3.8663171687291396
2016-01-21,31.61,31.74,30.9,31.2,9978942.0,0.0,1.0,31.61,31.74,30.9,31.2,9978942.0,3,2.718446601609344
2016-01-22,31.65,31.97,31.54,31.69,9443981.0,0.0,1.0,31.65,31.97,31.54,31.69,9443981.0,4,1.3633481290381724
2016-01-25,31.98,31.98,31.35,31.47,7591779.0,0.0,1.0,31.98,31.98,31.35,31.47,7591779.0,0,2.009569377665059
2016-01-26,31.49,31.98,31.39,31.97,8616958.0,0.0,1.0,31.49,31.98,31.39,31.97,8616958.0,1,1.87957948358752
2016-01-27,31.96,32.63,31.38,31.59,12711682.0,0.0,1.0,31.96,32.63,31.38,31.59,12711682.0,2,3.9834289352964447
2016-01-28,33.63,34.75,33.35,34.24,20378569.0,0.0,1.0,33.63,34.75,33.35,34.24,20378569.0,3,4.197901049162823
2016-01-29,34.49,36.26,34.36,36.14,21201081.0,0.0,1.0,34.49,36.26,34.36,36.14,21201081.0,4,5.529685680717307
2016-02-01,35.65,37.32,35.59,37.08,17356043.0,0.0,1.0,35.65,37.32,35.59,37.08,17356043.0,0,4.860915987342324
2016-02-02,36.53,37.77,36.44,36.83,17310567.0,0.0,1.0,36.53,37.77,36.44,36.83,17310567.0,1,3.6498353454894357
2016-02-03,36.87,37.55,36.07,37.01,14543103.0,0.0,1.0,36.87,37.55,36.07,37.01,14543103.0,2,4.103132797049881
2016-02-04,36.66,37.285,36.54,37.17,10212258.0,0.0,1.0,36.66,37.285,36.54,37.17,10212258.0,3,2.038861521340877
2016-02-05,37.16,37.16,34.82,35.07,16245837.0,0.0,1.0,37.16,37.16,34.82,35.07,16245837.0,4,6.720275703312112
2016-02-08,34.0,34.29,31.98,33.61,20628966.0,0.0,1.0,34.0,34.29,31.98,33.61,20628966.0,0,7.2232645400024325
2016-02-09,32.8,33.858,31.64,32.7,16439154.0,0.0,1.0,32.8,33.858,31.64,32.7,16439154.0,1,7.0101137796870745
2016-02-10,33.62,33.94,32.82,32.9,8636453.0,0.0,1.0,33.62,33.94,32.82,32.9,8636453.0,2,3.41255332083054
2016-02-11,32.12,33.64,32.01,33.52,13170076.0,0.0,1.0,32.12,33.64,32.01,33.52,13170076.0,3,5.0921587000778175
2016-02-12,33.97,34.44,33.81,34.3,9437119.0,0.0,1.0,33.97,34.44,33.81,34.3,9437119.0,4,1.8633540369657737
2016-02-16,34.65,35.52,34.48,35.46,9152381.0,0.0,1.0,34.65,35.52,34.48,35.46,9152381.0,1,3.016241299005202
2016-02-17,35.98,36.91,35.81,36.36,12070600.0,0.0,1.0,35.98,36.91,35.81,36.36,12070600.0,2,3.071767662376203
2016-02-18,36.41,36.53,35.66,36.31,9022079.0,0.0,1.0,36.41,36.53,35.66,36.31,9022079.0,3,2.4397083564149398
2016-02-19,36.0,36.235,35.61,35.76,9652780.0,0.0,1.0,36.0,36.235,35.61,35.76,9652780.0,4,1.7551249646117384
2016-02-22,36.45,36.5,35.82,36.0,10476243.0,0.0,1.0,36.45,36.5,35.82,36.0,10476243.0,0,1.8983807925686733
2016-02-23,35.72,35.935,35.02,35.48,8415202.0,0.0,1.0,35.72,35.935,35.02,35.48,8415202.0,1,2.6127926895984643
2016-02-24,35.22,36.75,34.86,36.47,8091152.0,0.0,1.0,35.22,36.75,34.86,36.47,8091152.0,2,5.421686746685523
2016-02-25,36.67,36.83,36.18,36.74,5209549.0,0.0,1.0,36.67,36.83,36.18,36.74,5209549.0,3,1.796572691813708
2016-02-26,36.73,37.535,36.37,37.49,8594979.0,0.0,1.0,36.73,37.535,36.37,37.49,8594979.0,4,3.2031894415639073
2016-02-29,37.47,38.93,37.45,38.14,23939899.0,0.0,1.0,37.47,38.93,37.45,38.14,23939899.0,0,3.95193591427514
2016-03-01,38.52,39.545,38.02,39.25,14085282.0,0.0,1.0,38.52,39.545,38.02,39.25,14085282.0,1,4.011046817190916
2016-03-02,39.2,39.93,38.7,39.16,12895941.0,0.0,1.0,39.2,39.93,38.7,39.16,12895941.0,2,3.178294573376789
2016-03-03,38.96,39.24,38.629,39.02,7656878.0,0.0,1.0,38.96,39.24,38.629,39.02,7656878.0,3,1.5817132203743967
2016-03-04,38.77,39.7,38.755,39.04,7200095.0,0.0,1.0,38.77,39.7,38.755,39.04,7200095.0,4,2.4383950455362253
2016-03-07,38.78,39.4,38.7202,38.98,5340266.0,0.0,1.0,38.78,39.4,38.7202,38.98,5340266.0,0,1.7556727493614375
2016-03-08,38.69,38.88,38.11,38.16,5940909.0,0.0,1.0,38.69,38.88,38.11,38.16,5940909.0,1,2.0204670687430593
2016-03-09,38.48,38.62,37.82,38.57,4990510.0,0.0,1.0,38.48,38.62,37.82,38.57,4990510.0,2,2.1152829188204123
2016-03-10,38.66,39.3,37.48,38.49,7655723.0,0.0,1.0,38.66,39.3,37.48,38.49,7655723.0,3,4.855923158738378
2016-03-11,39.0,39.53,38.85,39.49,9539513.0,0.0,1.0,39.0,39.53,38.85,39.49,9539513.0,4,1.7503217500598396
2016-03-14,39.4,39.8,39.04,39.38,5299665.0,0.0,1.0,39.4,39.8,39.04,39.38,5299665.0,0,1.9467213112142758
2016-03-15,39.05,39.64,39.05,39.27,5013862.0,0.0,1.0,39.05,39.64,39.05,39.27,5013862.0,1,1.510883482454517
2016-03-16,39.09,39.89,38.57,39.84,6363503.0,0.0,1.0,39.09,39.89,38.57,39.84,6363503.0,2,3.4223489756198546
2016-03-17,39.85,40.12,39.17,39.93,9789562.0,0.0,1.0,39.85,40.12,39.17,39.93,9789562.0,3,2.425325503950887
2016-03-18,39.86,39.86,38.69,39.41,15132391.0,0.0,1.0,39.86,39.86,38.69,39.41,15132391.0,4,3.0240372186533477
2016-03-21,39.41,41.17,39.2,41.14,13432446.0,0.0,1.0,39.41,41.17,39.2,41.14,13432446.0,0,5.025510203813695
2016-03-22,40.67,41.75,40.63,41.32,10552302.0,0.0,1.0,40.67,41.75,40.63,41.32,10552302.0,1,2.7565838048172253
2016-03-23,41.06,41.31,40.04,40.52,8104680.0,0.0,1.0,41.06,41.31,40.04,40.52,8104680.0,2,3.1718281715705103
2016-03-24,39.4,39.51,37.0,38.92,15040554.0,0.0,1.0,39.4,39.51,37.0,38.92,15040554.0,3,6.783783783495181
2016-03-28,38.81,39.17,38.62,38.74,6192899.0,0.0,1.0,38.81,39.17,38.62,38.74,6192899.0,0,1.424132573533356
2016-03-29,38.74,39.715,38.3,39.53,5694000.0,0.0,1.0,38.74,39.715,38.3,39.53,5694000.0,1,3.694516971008639
2016-03-30,39.94,40.0399,38.995,39.04,5246797.0,0.0,1.0,39.94,40.0399,38.995,39.04,5246797.0,2,2.6795743041347038
2016-03-31,38.74,39.0,38.43,38.6,8086983.0,0.0,1.0,38.74,39.0,38.43,38.6,8086983.0,3,1.4832162370505273
2016-04-01,38.51,39.46,38.4,39.4,6982014.0,0.0,1.0,38.51,39.46,38.4,39.4,6982014.0,4,2.7604166663990526
2016-04-04,39.36,39.38,38.41,38.79,5381340.0,0.0,1.0,39.36,39.38,38.41,38.79,5381340.0,0,2.525384014312621
2016-04-05,38.35,38.81,37.7,38.55,5364753.0,0.0,1.0,38.35,38.81,37.7,38.55,5364753.0,1,2.9442970819550567
2016-04-06,38.45,39.185,38.25,39.16,5526193.0,0.0,1.0,38.45,39.185,38.25,39.16,5526193.0,2,2.444444444176625
2016-04-07,38.85,38.94,38.12,38.28,7294453.0,0.0,1.0,38.85,38.94,38.12,38.28,7294453.0,3,2.151101783572514
2016-04-08,38.61,38.6989,38.1,38.41,7822305.0,0.0,1.0,38.61,38.6989,38.1,38.41,7822305.0,4,1.5719160102321013
2016-04-11,38.33,38.82,38.03,38.06,5428928.0,0.0,1.0,38.33,38.82,38.03,38.06,5428928.0,0,2.0773073886350772
2016-04-12,38.32,38.32,37.34,37.8,7677829.0,0.0,1.0,38.32,38.32,37.34,37.8,7677829.0,1,2.624531333415561
2016-04-13,38.25,39.12,38.19,38.79,7082364.0,0.0,1.0,38.25,39.12,38.19,38.79,7082364.0,2,2.4351924584906044
2016-04-14,38.94,39.02,38.415,38.64,4590156.0,0.0,1.0,38.94,39.02,38.415,38.64,4590156.0,3,1.5749056355549413
2016-04-15,38.69,38.95,38.29,38.58,5239576.0,0.0,1.0,38.69,38.95,38.29,38.58,5239576.0,4,1.723687646639533
2016-04-18,38.56,39.69,38.43,39.64,6433030.0,0.0,1.0,38.56,39.69,38.43,39.64,6433030.0,0,3.27868852432141
2016-04-19,39.75,40.07,38.975,39.24,5915827.0,0.0,1.0,39.75,40.07,38.975,39.24,5915827.0,1,2.8094932646496034
2016-04-20,39.24,40.24,39.17,40.08,7723520.0,0.0,1.0,39.24,40.24,39.17,40.08,7723520.0,2,2.7316824097453747
2016-04-21,40.2,40.55,40.0138,40.1,5539350.0,0.0,1.0,40.2,40.55,40.0138,40.1,5539350.0,3,1.340037686744708
2016-04-22,39.72,40.635,39.68,40.31,6433904.0,0.0,1.0,39.72,40.635,39.68,40.31,6433904.0,4,2.4067540319999665
2016-04-25,40.27,40.84,39.54,39.82,7934207.0,0.0,1.0,40.27,40.84,39.54,39.82,7934207.0,0,3.287809812586545
2016-04-26,39.57,40.13,39.33,39.73,5271169.0,0.0,1.0,39.57,40.13,39.33,39.73,5271169.0,1,2.0340706836968536
2016-04-27,39.68,40.18,39.2,40.01,12727635.0,0.0,1.0,39.68,40.18,39.2,40.01,12727635.0,2,2.499999999738506
2016-04-28,41.0,41.49,39.91,40.07,17799975.0,0.0,1.0,41.0,41.49,39.91,40.07,17799975.0,3,3.958907541708953
2016-04-29,39.71,39.87,38.59,39.18,10001401.0,0.0,1.0,39.71,39.87,38.59,39.18,10001401.0,4,3.316921481981524
2016-05-02,39.07,39.27,38.73,39.02,6777514.0,0.0,1.0,39.07,39.27,38.73,39.02,6777514.0,0,1.3942680090333255
2016-05-03,38.63,38.97,38.14,38.36,9146618.0,0.0,1.0,38.63,38.97,38.14,38.36,9146618.0,1,2.1761929729885168
2016-05-04,38.07,38.46,37.87,38.31,8121646.0,0.0,1.0,38.07,38.46,37.87,38.31,8121646.0,2,1.5579614467875444
2016-05-05,38.38,39.119,38.32,38.95,7127183.0,0.0,1.0,38.38,39.119,38.32,38.95,7127183.0,3,2.085073068627125
2016-05-06,38.71,39.7,38.61,39.48,6566908.0,0.0,1.0,38.71,39.7,38.61,39.48,6566908.0,4,2.8231028228365034
2016-05-09,39.42,40.18,39.33,39.62,5860985.0,0.0,1.0,39.42,40.18,39.33,39.62,5860985.0,0,2.1612001014437823
2016-05-10,39.62,40.15,39.24,40.11,6589127.0,0.0,1.0,39.62,40.15,39.24,40.11,6589127.0,1,2.3190621811867373
2016-05-11,39.57,40.3143,39.57,39.71,5995494.0,0.0,1.0,39.57,40.3143,39.57,39.71,5995494.0,2,1.8809704318881018
2016-05-12,39.85,40.0,39.17,39.51,6323088.0,0.0,1.0,39.85,40.0,39.17,39.51,6323088.0,3,2.118968598156428
2016-05-13,39.54,39.8,39.31,39.48,5885930.0,0.0,1.0,39.54,39.8,39.31,39.48,5885930.0,4,1.2465021620420913
2016-05-16,39.36,39.53,39.13,39.3,10316036.0,0.0,1.0,39.36,39.53,39.13,39.3,10316036.0,0,1.0222335801149285
2016-05-17,39.1,39.66,38.75,39.065,10746107.0,0.0,1.0,39.1,39.66,38.75,39.065,10746107.0,1,2.3483870965100664
2016-05-18,39.18,39.36,38.5,38.98,10393509.0,0.0,1.0,39.18,39.36,38.5,38.98,10393509.0,2,2.2337662335006883
2016-05-19,38.81,38.88,37.31,37.65,17041329.0,0.0,1.0,38.81,38.88,37.31,37.65,17041329.0,3,4.207987134537092
2016-05-20,37.79,37.95,37.49,37.53,12497204.0,0.0,1.0,37.79,37.95,37.49,37.53,12497204.0,4,1.226993864760658
2016-05-23,37.68,38.23,37.39,38.07,9083796.0,0.0,1.0,37.68,38.23,37.39,38.07,9083796.0,0,2.2465899970520127
2016-05-24,38.28,39.005,38.28,38.92,7555190.0,0.0,1.0,38.28,39.005,38.28,38.92,7555190.0,1,1.8939393936732216
2016-05-25,38.87,39.06,38.51,38.76,6561151.0,0.0,1.0,38.87,39.06,38.51,38.76,6561151.0,2,1.4282004671476898
2016-05-26,38.71,38.74,38.0,38.07,5894744.0,0.0,1.0,38.71,38.74,38.0,38.07,5894744.0,3,1.9473684207843576
2016-05-27,38.0,38.345,37.92,38.09,5863610.0,0.0,1.0,38.0,38.345,37.92,38.09,5863610.0,4,1.1207805904506216
2016-05-31,37.96,38.03,37.5,37.79,12231362.0,0.0,1.0,37.96,38.03,37.5,37.79,12231362.0,1,1.4133333330629085
2016-06-01,37.81,38.479,37.71,38.31,5458457.0,0.0,1.0,37.81,38.479,37.71,38.31,5458457.0,2,2.039246883845024
2016-06-02,38.42,38.685,38.32,38.56,4659221.0,0.0,1.0,38.42,38.685,38.32,38.56,4659221.0,3,0.9525052189432301
2016-06-03,38.44,38.59,37.8125,38.33,4986042.0,0.0,1.0,38.44,38.59,37.8125,38.33,4986042.0,4,2.0561983468375473
2016-06-06,38.47,38.49,37.98,38.1,5065932.0,0.0,1.0,38.47,38.49,37.98,38.1,5065932.0,0,1.3428120060522843
2016-06-07,38.07,38.48,37.52,37.57,6324422.0,0.0,1.0,38.07,38.48,37.52,37.57,6324422.0,1,2.5586353941829287
2016-06-08,37.53,37.7,37.06,37.55,8667370.0,0.0,1.0,37.53,37.7,37.06,37.55,8667370.0,2,1.726929303557128
2016-06-09,37.48,37.57,37.11,37.13,10206706.0,0.0,1.0,37.48,37.57,37.11,37.13,10206706.0,3,1.2395580703281013
2016-06-10,36.83,37.05,36.62,36.77,7741351.0,0.0,1.0,36.83,37.05,36.62,36.77,7741351.0,4,1.1742217364795806
2016-06-13,36.5,37.11,36.495,36.54,8215970.0,0.0,1.0,36.5,37.11,36.495,36.54,8215970.0,0,1.6851623507283477
2016-06-14,36.37,37.275,36.25,37.16,10281933.0,0.0,1.0,36.37,37.275,36.25,37.16,10281933.0,1,2.827586206612878
2016-06-15,37.16,37.2198,36.785,36.84,7092048.0,0.0,1.0,37.16,37.2198,36.785,36.84,7092048.0,2,1.182003533774136
2016-06-16,36.62,37.04,36.35,36.97,6106029.0,0.0,1.0,36.62,37.04,36.35,36.97,6106029.0,3,1.8982118291556986
2016-06-17,37.03,37.18,36.63,36.97,7947873.0,0.0,1.0,37.03,37.18,36.63,36.97,7947873.0,4,1.5015015012243964
2016-06-20,37.28,37.76,36.82,36.86,7789608.0,0.0,1.0,37.28,37.76,36.82,36.86,7789608.0,0,2.5529603473586064
2016-06-21,36.8,36.8,35.95,36.16,12816091.0,0.0,1.0,36.8,36.8,35.95,36.16,12816091.0,1,2.3643949927611345
2016-06-22,36.28,36.4928,35.78,36.0,9292358.0,0.0,1.0,36.28,36.4928,35.78,36.0,9292358.0,2,1.9921743988205947
2016-06-23,36.27,36.665,36.05,36.66,4808720.0,0.0,1.0,36.27,36.665,36.05,36.66,4808720.0,3,1.7059639386915109
2016-06-24,35.0,35.725,34.61,35.08,17647191.0,0.0,1.0,35.0,35.725,34.61,35.08,17647191.0,4,3.221612250496335
2016-06-27,34.74,34.76,34.0,34.2,11219538.0,0.0,1.0,34.74,34.76,34.0,34.2,11219538.0,0,2.2352941173463563
2016-06-28,34.46,35.25,34.23,35.24,12408155.0,0.0,1.0,34.46,35.25,34.23,35.24,12408155.0,1,2.9798422433450895
2016-06-29,35.69,35.905,35.29,35.77,9520385.0,0.0,1.0,35.69,35.905,35.29,35.77,9520385.0,2,1.7427033150984954
2016-06-30,35.81,36.53,35.59,36.51,9152990.0,0.0,1.0,35.81,36.53,35.59,36.51,9152990.0,3,2.64119134559526
2016-07-01,36.6,36.67,36.25,36.35,7260381.0,0.0,1.0,36.6,36.67,36.25,36.35,7260381.0,4,1.1586206893761073
2016-07-05,36.3,36.36,35.87,36.12,5321119.0,0.0,1.0,36.3,36.36,35.87,36.12,5321119.0,1,1.366044047668339
2016-07-06,35.94,36.17,35.715,35.93,7821280.0,0.0,1.0,35.94,36.17,35.715,35.93,7821280.0,2,1.2739745202260195
2016-07-07,35.92,36.39,35.84,36.32,7326735.0,0.0,1.0,35.92,36.39,35.84,36.32,7326735.0,3,1.5345982140023864
2016-07-08,36.78,37.46,36.66,37.36,6828882.0,0.0,1.0,36.78,37.46,36.66,37.36,6828882.0,4,2.1822149478936836
2016-07-11,37.45,38.33,37.4,38.15,10096189.0,0.0,1.0,37.45,38.33,37.4,38.15,10096189.0,0,2.4866310157687366
2016-07-12,38.47,38.91,38.24,38.79,10006323.0,0.0,1.0,38.47,38.91,38.24,38.79,10006323.0,1,1.7520920499430872
2016-07-13,38.84,39.99,38.83,39.28,12458481.0,0.0,1.0,38.84,39.99,38.83,39.28,12458481.0,2,2.9873808907983914
2016-07-14,39.69,40.07,39.4,39.96,9683504.0,0.0,1.0,39.69,40.07,39.4,39.96,9683504.0,3,1.7005076139550823
2016-07-15,40.02,40.07,38.98,39.09,8140573.0,0.0,1.0,40.02,40.07,38.98,39.09,8140573.0,4,2.79630579758134
2016-07-18,39.13,39.22,38.73,38.92,7877439.0,0.0,1.0,39.13,39.22,38.73,38.92,7877439.0,0,1.26516911928411
2016-07-19,38.97,39.465,38.83,39.37,8120130.0,0.0,1.0,38.97,39.465,38.83,39.37,8120130.0,1,1.6353335047601547
2016-07-20,39.44,40.45,39.12,40.05,11189094.0,0.0,1.0,39.44,40.45,39.12,40.05,11189094.0,2,3.399795500758202
2016-07-21,40.33,40.33,39.65,40.13,13363317.0,0.0,1.0,40.33,40.33,39.65,40.13,13363317.0,3,1.7150063049137003
2016-07-22,37.3,37.59,36.43,37.42,36397318.0,0.0,1.0,37.3,37.59,36.43,37.42,36397318.0,4,3.1841888550557798
2016-07-25,37.7,38.18,37.62,37.78,16904133.0,0.0,1.0,37.7,38.18,37.62,37.78,16904133.0,0,1.4885699093527762
2016-07-26,37.78,38.27,37.6,37.69,10279223.0,0.0,1.0,37.78,38.27,37.6,37.69,10279223.0,1,1.7819148933463111
2016-07-27,37.64,37.69,37.045,37.22,8894242.0,0.0,1.0,37.64,37.69,37.045,37.22,8894242.0,2,1.7411256577088778
2016-07-28,37.4,37.68,37.101,37.22,5111331.0,0.0,1.0,37.4,37.68,37.101,37.22,5111331.0,3,1.5606048351754396
2016-07-29,37.41,37.48,36.86,37.24,6850060.0,0.0,1.0,37.41,37.48,36.86,37.24,6850060.0,4,1.682040151650341
2016-08-01,37.43,37.44,36.9,37.06,5473949.0,0.0,1.0,37.43,37.44,36.9,37.06,5473949.0,0,1.4634146338713663
2016-08-02,37.06,37.0852,36.36,36.54,5997704.0,0.0,1.0,37.06,37.0852,36.36,36.54,5997704.0,1,1.994499449664474
2016-08-03,36.59,36.74,36.28,36.58,7663836.0,0.0,1.0,36.59,36.74,36.28,36.58,7663836.0,2,1.2679162069975973
2016-08-04,36.82,37.39,36.73,37.3,7507761.0,0.0,1.0,36.82,37.39,36.73,37.3,7507761.0,3,1.7968962698018203
2016-08-05,37.55,38.15,37.55,38.1,7670438.0,0.0,1.0,37.55,38.15,37.55,38.1,7670438.0,4,1.5978695070530051
2016-08-08,38.19,38.3,37.65,37.91,6101319.0,0.0,1.0,38.19,38.3,37.65,37.91,6101319.0,0,1.7264276225717623
2016-08-09,38.03,38.14,37.88,38.1,5049127.0,0.0,1.0,38.03,38.14,37.88,38.1,5049127.0,1,0.6863780356370484
2016-08-10,38.02,38.245,37.91,38.07,5546799.0,0.0,1.0,38.02,38.245,37.91,38.07,5546799.0,2,0.8836718541258506
2016-08-11,38.19,38.49,38.1,38.46,5999407.0,0.0,1.0,38.19,38.49,38.1,38.46,5999407.0,3,1.023622046978943
2016-08-12,38.3,38.63,38.1,38.51,6527984.0,0.0,1.0,38.3,38.63,38.1,38.51,6527984.0,4,1.3910761152194482
2016-08-15,38.55,38.65,38.34,38.46,4548206.0,0.0,1.0,38.55,38.65,38.34,38.46,4548206.0,0,0.8085550336441827
2016-08-16,38.4,38.53,38.15,38.38,6170765.0,0.0,1.0,38.4,38.53,38.15,38.38,6170765.0,1,0.9960681517667211
2016-08-17,38.41,38.46,37.88,38.14,5263987.0,0.0,1.0,38.41,38.46,37.88,38.14,5263987.0,2,1.5311510028998612
2016-08-18,38.07,38.375,37.93,38.22,3881084.0,0.0,1.0,38.07,38.375,37.93,38.22,3881084.0,3,1.1732138146554973
2016-08-19,38.02,38.18,37.895,38.09,5107878.0,0.0,1.0,38.02,38.18,37.895,38.09,5107878.0,4,0.7520781103028042
2016-08-22,37.93,38.2,37.66,38.11,10704362.0,0.0,1.0,37.93,38.2,37.66,38.11,10704362.0,0,1.4338821027577495
2016-08-23,38.42,38.43,37.8,37.86,6066416.0,0.0,1.0,38.42,38.43,37.8,37.86,6066416.0,1,1.6666666663977168
2016-08-24,37.81,37.95,37.41,37.52,5914176.0,0.0,1.0,37.81,37.95,37.41,37.52,5914176.0,2,1.4434643140832861
2016-08-25,37.5,37.57,37.25,37.51,5132089.0,0.0,1.0,37.5,37.57,37.25,37.51,5132089.0,3,0.8590604024137889
2016-08-26,37.72,37.84,37.38,37.65,4177726.0,0.0,1.0,37.72,37.84,37.38,37.65,4177726.0,4,1.2306046011203051
2016-08-29,37.61,37.65,37.27,37.29,4780712.0,0.0,1.0,37.61,37.65,37.27,37.29,4780712.0,0,1.0195867987630152
2016-08-30,37.26,37.52,36.985,37.0,6873648.0,0.0,1.0,37.26,37.52,36.985,37.0,6873648.0,1,1.4465323777167924
2016-08-31,37.0,37.24,36.84,37.15,7166276.0,0.0,1.0,37.0,37.24,36.84,37.15,7166276.0,2,1.0857763298016039
2016-09-01,37.27,37.32,36.58,36.83,10412233.0,0.0,1.0,37.27,37.32,36.58,36.83,10412233.0,3,2.022963367681726
2016-09-02,37.01,37.125,36.3,37.07,6726906.0,0.0,1.0,37.01,37.125,36.3,37.07,6726906.0,4,2.272727272445536
2016-09-06,37.05,37.65,37.02,37.18,6416930.0,0.0,1.0,37.05,37.65,37.02,37.18,6416930.0,1,1.7017828198225118
2016-09-07,37.33,38.58,37.26,38.56,10817701.0,0.0,1.0,37.33,38.58,37.26,38.56,10817701.0,2,3.5426731076126003
2016-09-08,38.65,39.33,38.5007,39.27,12037292.0,0.0,1.0,38.65,39.33,38.5007,39.27,12037292.0,3,2.1539868103640742
2016-09-09,38.75,39.02,37.91,38.01,10747079.0,0.0,1.0,38.75,39.02,37.91,38.01,10747079.0,4,2.9279873381616426
2016-09-12,37.65,38.84,37.5401,38.77,8635027.0,0.0,1.0,37.65,38.84,37.5401,38.77,8635027.0,0,3.4626972221611965
2016-09-13,38.62,40.33,38.41,39.86,17924853.0,0.0,1.0,38.62,40.33,38.41,39.86,17924853.0,1,4.998698255389229
2016-09-14,39.99,40.28,39.53,39.96,13062293.0,0.0,1.0,39.99,40.28,39.53,39.96,13062293.0,2,1.8972931947839555
2016-09-15,40.31,41.14,39.8699,40.83,12720951.0,0.0,1.0,40.31,41.14,39.8699,40.83,12720951.0,3,3.185611200170584
2016-09-16,40.71,40.88,40.3248,40.7,11909449.0,0.0,1.0,40.71,40.88,40.3248,40.7,11909449.0,4,1.3768202195636832
2016-09-19,40.24,40.46,39.75,40.01,7574483.0,0.0,1.0,40.24,40.46,39.75,40.01,7574483.0,0,1.7861635217565066
2016-09-20,40.3,40.3,39.67,39.69,5563314.0,0.0,1.0,40.3,40.3,39.67,39.69,5563314.0,1,1.5881018399254003
2016-09-21,39.86,40.39,39.7,40.29,5378400.0,0.0,1.0,39.86,40.39,39.7,40.29,5378400.0,2,1.7380352642273493
2016-09-22,40.42,40.66,40.14,40.49,5691048.0,0.0,1.0,40.42,40.66,40.14,40.49,5691048.0,3,1.29546586920452
2016-09-23,39.6,40.495,39.6,40.07,6234613.0,0.0,1.0,39.6,40.495,39.6,40.07,6234613.0,4,2.2601010098427565
2016-09-26,39.38,40.51,39.38,40.34,9054362.0,0.0,1.0,39.38,40.51,39.38,40.34,9054362.0,0,2.86947689156203
2016-09-27,40.04,41.23,39.49,41.06,8674079.0,0.0,1.0,40.04,41.23,39.49,41.06,8674079.0,1,4.406178779173416
2016-09-28,41.15,41.19,40.21,40.97,6751179.0,0.0,1.0,41.15,41.19,40.21,40.97,6751179.0,2,2.437204675199098
2016-09-29,40.91,41.3,40.36,40.39,7953014.0,0.0,1.0,40.91,41.3,40.36,40.39,7953014.0,3,2.3290386518772834
2016-09-30,40.29,41.05,40.27,40.97,8685607.0,0.0,1.0,40.29,41.05,40.27,40.97,8685607.0,4,1.9369257509263917
2016-10-03,40.87,41.2,40.16,40.59,6924977.0,0.0,1.0,40.87,41.2,40.16,40.59,6924977.0,0,2.589641434007504
2016-10-04,41.3,41.3,40.44,40.78,5046632.0,0.0,1.0,41.3,41.3,40.44,40.78,5046632.0,1,2.126607319233102
2016-10-05,40.95,40.95,40.4,40.44,6128205.0,0.0,1.0,40.95,40.95,40.4,40.44,6128205.0,2,1.3613861383629597
2016-10-06,40.32,40.39,39.86,40.18,6312037.0,0.0,1.0,40.32,40.39,39.86,40.18,6312037.0,3,1.3296537880046913
2016-10-07,40.42,40.42,39.62,39.88,6109946.0,0.0,1.0,40.42,40.42,39.62,39.88,6109946.0,4,2.019182230938881
2016-10-10,40.13,40.17,39.59,39.86,6636680.0,0.0,1.0,40.13,40.17,39.59,39.86,6636680.0,0,1.4650164180311407
2016-10-11,40.03,40.11,38.96,39.19,9955667.0,0.0,1.0,40.03,40.11,38.96,39.19,9955667.0,1,2.9517453796125324
2016-10-12,39.77,39.8,39.3,39.53,7039942.0,0.0,1.0,39.77,39.8,39.3,39.53,7039942.0,2,1.272264630785557
2016-10-13,39.39,39.4,38.75,39.2,7865587.0,0.0,1.0,39.39,39.4,38.75,39.2,7865587.0,3,1.6774193545763012
2016-10-14,39.46,39.89,39.23,39.24,6647595.0,0.0,1.0,39.46,39.89,39.23,39.24,6647595.0,4,1.682385928876684
2016-10-17,39.24,39.62,39.16,39.48,5279515.0,0.0,1.0,39.24,39.62,39.16,39.48,5279515.0,0,1.1746680283422535
2016-10-18,40.0,40.18,39.78,39.83,5475850.0,0.0,1.0,40.0,40.18,39.78,39.83,5475850.0,1,1.0055304170412143
2016-10-19,39.97,40.47,39.84,40.24,6587733.0,0.0,1.0,39.97,40.47,39.84,40.24,6587733.0,2,1.5813253009498283
2016-10-20,40.23,40.29,39.82,40.09,13337494.0,0.0,1.0,40.23,40.29,39.82,40.09,13337494.0,3,1.1803114010517675
2016-10-21,41.85,44.24,41.84,44.15,37554668.0,0.0,1.0,41.85,44.24,41.84,44.15,37554668.0,4,5.736137667051295
2016-10-24,44.0,44.52,43.14,43.87,19079031.0,0.0,1.0,44.0,44.52,43.14,43.87,19079031.0,0,3.198887343293478
2016-10-25,43.66,44.07,43.0,43.31,9463932.0,0.0,1.0,43.66,44.07,43.0,43.31,9463932.0,1,2.4883720927849
2016-10-26,43.0,43.21,42.31,42.33,10918791.0,0.0,1.0,43.0,43.21,42.31,42.33,10918791.0,2,2.1271567003022085
2016-10-27,42.55,42.57,41.621,41.69,9447256.0,0.0,1.0,42.55,42.57,41.621,41.69,9447256.0,3,2.2800989882456406
2016-10-28,41.98,41.98,41.07,41.76,11979238.0,0.0,1.0,41.98,41.98,41.07,41.76,11979238.0,4,2.215729242507365
2016-10-31,41.78,42.0,41.36,41.66,7159986.0,0.0,1.0,41.78,42.0,41.36,41.66,7159986.0,0,1.5473887811858162
2016-11-01,41.68,42.295,41.29,41.54,9398950.0,0.0,1.0,41.68,42.295,41.29,41.54,9398950.0,1,2.4340033904034044
2016-11-02,41.43,41.57,41.08,41.35,7947621.0,0.0,1.0,41.43,41.57,41.08,41.35,7947621.0,2,1.1927945469786039
2016-11-03,41.32,41.5,40.92,41.19,6239903.0,0.0,1.0,41.32,41.5,40.92,41.19,6239903.0,3,1.4173998042487312
2016-11-04,40.3,41.485,40.3,40.9,6541343.0,0.0,1.0,40.3,41.485,40.3,40.9,6541343.0,4,2.9404466498686332
2016-11-07,41.52,41.65,41.06,41.28,7904865.0,0.0,1.0,41.52,41.65,41.06,41.28,7904865.0,0,1.4369215779312299
2016-11-08,41.42,42.15,41.09,41.58,6968107.0,0.0,1.0,41.42,42.15,41.09,41.58,6968107.0,1,2.579703090526692
2016-11-09,40.6,41.47,40.58,41.26,9744400.0,0.0,1.0,40.6,41.47,40.58,41.26,9744400.0,2,2.1931986197580216
2016-11-10,41.9,41.9,39.58,40.45,12097577.0,0.0,1.0,41.9,41.9,39.58,40.45,12097577.0,3,5.861546235204983
2016-11-11,40.77,40.77,39.8,40.08,10776524.0,0.0,1.0,40.77,40.77,39.8,40.08,10776524.0,4,2.437185929390864
2016-11-14,40.4,40.4,38.45,38.81,17877790.0,0.0,1.0,40.4,40.4,38.45,38.81,17877790.0,0,5.0715214561636515
2016-11-15,39.52,39.48,38.9,38.94,16038229.0,0.0,1.0,39.52,39.48,38.9,38.94,16038229.0,1,1.4910025704331815
2016-11-16,39.05,39.21,38.71,39.07,12730896.0,0.0,1.0,39.05,39.21,38.71,39.07,12730896.0,2,1.291655902605811
2016-11-17,39.12,40.055,38.95,39.88,9758539.0,0.0,1.0,39.12,40.055,38.95,39.88,9758539.0,3,2.8369704747038753
2016-11-18,40.08,40.57,39.91,40.08,9521525.0,0.0,1.0,40.08,40.57,39.91,40.08,9521525.0,4,1.6537208717072076
2016-11-21,40.12,40.77,40.1155,40.63,6667226.0,0.0,1.0,40.12,40.77,40.1155,40.63,6667226.0,0,1.6315389310824315
2016-11-22,40.99,41.1,39.95,40.33,7734699.0,0.0,1.0,40.99,41.1,39.95,40.33,7734699.0,1,2.878598247552233
2016-11-23,40.31,40.43,39.85,40.05,5770587.0,0.0,1.0,40.31,40.43,39.85,40.05,5770587.0,2,1.4554579671230812
2016-11-25,40.4,40.56,39.99,40.26,2324478.0,0.0,1.0,40.4,40.56,39.99,40.26,2324478.0,4,1.4253563388311363
2016-11-28,40.26,40.49,39.925,39.96,4170587.0,0.0,1.0,40.26,40.49,39.925,39.96,4170587.0,0,1.4151534123947158
2016-11-29,40.07,40.36,39.79,39.89,5083663.0,0.0,1.0,40.07,40.36,39.79,39.89,5083663.0,1,1.432520733597812
2016-11-30,40.1,40.18,39.18,39.28,8420727.0,0.0,1.0,40.1,40.18,39.18,39.28,8420727.0,2,2.552322613316619
2016-12-01,39.56,39.68,38.18,38.34,11265567.0,0.0,1.0,39.56,39.68,38.18,38.34,11265567.0,3,3.928758512037888
2016-12-02,38.34,38.75,38.06,38.62,6335151.0,0.0,1.0,38.34,38.75,38.06,38.62,6335151.0,4,1.8129269571681021
2016-12-05,38.85,39.34,38.65,38.99,5053862.0,0.0,1.0,38.85,39.34,38.65,38.99,5053862.0,0,1.7852522636435282
2016-12-06,39.23,39.26,38.71,38.98,5954455.0,0.0,1.0,39.23,39.26,38.71,38.98,5954455.0,1,1.4208214928922018
2016-12-07,39.08,39.46,38.8,39.45,7012032.0,0.0,1.0,39.08,39.46,38.8,39.45,7012032.0,2,1.701030927572944
2016-12-08,39.68,40.0,39.45,39.61,6102590.0,0.0,1.0,39.68,40.0,39.45,39.61,6102590.0,3,1.394169834977447
2016-12-09,39.7,39.79,39.375,39.65,3923741.0,0.0,1.0,39.7,39.79,39.375,39.65,3923741.0,4,1.0539682537116022
2016-12-12,39.6,39.9,39.35,39.43,4474526.0,0.0,1.0,39.6,39.9,39.35,39.43,4474526.0,0,1.3977128332874287
2016-12-13,39.55,39.745,39.39,39.43,6385892.0,0.0,1.0,39.55,39.745,39.39,39.43,6385892.0,1,0.9012439702947148
2016-12-14,39.46,39.89,39.46,39.55,4658726.0,0.0,1.0,39.46,39.89,39.46,39.55,4658726.0,2,1.089711099591753
2016-12-15,39.8,40.29,39.35,39.54,6418929.0,0.0,1.0,39.8,40.29,39.35,39.54,6418929.0,3,2.388818297071424
2016-12-16,39.9,39.9,39.12,39.32,9786253.0,0.0,1.0,39.9,39.9,39.12,39.32,9786253.0,4,1.9938650304141277
2016-12-19,39.4,39.8,39.11,39.44,4268583.0,0.0,1.0,39.4,39.8,39.11,39.44,4268583.0,0,1.7642546660655398
2016-12-20,39.61,39.74,39.26,39.74,3637161.0,0.0,1.0,39.61,39.74,39.26,39.74,3637161.0,1,1.2226184409036733
2016-12-21,39.84,40.74,39.82,40.09,6768561.0,0.0,1.0,39.84,40.74,39.82,40.09,6768561.0,2,2.310396785277973
2016-12-22,40.04,40.09,39.54,39.68,5064974.0,0.0,1.0,40.04,40.09,39.54,39.68,5064974.0,3,1.3909964590253168
2016-12-23,39.82,39.87,39.48,39.58,3379149.0,0.0,1.0,39.82,39.87,39.48,39.58,3379149.0,4,0.9878419450329687
2016-12-27,39.5,40.08,39.43,39.72,2660152.0,0.0,1.0,39.5,40.08,39.43,39.72,2660152.0,1,1.6484909964452186
2016-12-28,39.76,40.03,39.53,39.57,3292367.0,0.0,1.0,39.76,40.03,39.53,39.57,3292367.0,2,1.2648621297716574
2016-12-29,39.54,40.17,39.54,39.96,3707957.0,0.0,1.0,39.54,40.17,39.54,39.96,3707957.0,3,1.5933232167385114
2016-12-30,39.96,40.07,39.34,39.47,5012053.0,0.0,1.0,39.96,40.07,39.34,39.47,5012053.0,4,1.8556176916576987
2017-01-03,40.29,40.98,40.0,40.25,8247354.0,0.0,1.0,40.29,40.98,40.0,40.25,8247354.0,1,2.4499999997438664
2017-01-04,40.35,41.03,40.045,41.0,6806386.0,0.0,1.0,40.35,41.03,40.045,41.0,6806386.0,2,2.4597328003434598
2017-01-05,41.43,41.72,41.0399,41.06,6431957.0,0.0,1.0,41.43,41.72,41.0399,41.06,6431957.0,3,1.6571677803755165
2017-01-06,41.24,41.64,40.79,41.45,5586404.0,0.0,1.0,41.24,41.64,40.79,41.45,5586404.0,4,2.083844079180963
2017-01-09,41.49,41.51,41.11,41.4,3943868.0,0.0,1.0,41.49,41.51,41.11,41.4,3943868.0,0,0.9729992700049195
2017-01-10,41.4,41.55,41.07,41.08,4174906.0,0.0,1.0,41.4,41.55,41.07,41.08,4174906.0,1,1.1687363036250815
2017-01-11,41.23,41.38,40.835,41.28,4425295.0,0.0,1.0,41.23,41.38,40.835,41.28,4425295.0,2,1.334639402225207
2017-01-12,41.28,41.6052,40.92,41.56,3840529.0,0.0,1.0,41.28,41.6052,40.92,41.56,3840529.0,3,1.6744868032705824
2017-01-13,41.65,41.84,41.53,41.6,3917699.0,0.0,1.0,41.65,41.84,41.53,41.6,3917699.0,4,0.746448350347336
2017-01-17,41.6,41.71,41.2,41.27,5932904.0,0.0,1.0,41.6,41.71,41.2,41.27,5932904.0,1,1.2378640774241632
2017-01-18,41.41,41.49,41.11,41.35,4706020.0,0.0,1.0,41.41,41.49,41.11,41.35,4706020.0,2,0.9243493064925161
2017-01-19,41.25,41.68,41.03,41.27,4718177.0,0.0,1.0,41.25,41.68,41.03,41.27,4718177.0,3,1.5842066777928636
2017-01-20,41.39,41.72,41.3,41.69,6868514.0,0.0,1.0,41.39,41.72,41.3,41.69,6868514.0,4,1.0169491522977694
2017-01-23,41.86,42.11,41.25,41.62,8497050.0,0.0,1.0,41.86,42.11,41.25,41.62,8497050.0,0,2.0848484846009967
2017-01-24,41.95,42.04,41.53,41.96,6107190.0,0.0,1.0,41.95,42.04,41.53,41.96,6107190.0,1,1.2280279313719404
2017-01-25,42.36,42.44,41.66,41.71,9253596.0,0.0,1.0,42.36,42.44,41.66,41.71,9253596.0,2,1.8722995676863263
2017-01-26,42.36,42.5,41.285,41.5,11838127.0,0.0,1.0,42.36,42.5,41.285,41.5,11838127.0,3,2.9429574903646767
2017-01-27,41.0,41.2,39.92,40.27,22749197.0,0.0,1.0,41.0,41.2,39.92,40.27,22749197.0,4,3.2064128253927606
2017-01-30,40.17,40.27,39.42,39.86,11486023.0,0.0,1.0,40.17,40.27,39.42,39.86,11486023.0,0,2.1562658546368425
2017-01-31,39.7,40.01,39.45,39.78,9100057.0,0.0,1.0,39.7,40.01,39.45,39.78,9100057.0,1,1.4195183774361908
2017-02-01,39.96,40.0,39.11,39.31,8860416.0,0.0,1.0,39.96,40.0,39.11,39.31,8860416.0,2,2.2756328302166366
2017-02-02,39.4,39.84,39.02,39.58,8736786.0,0.0,1.0,39.4,39.84,39.02,39.58,8736786.0,3,2.101486416960256
2017-02-03,39.79,39.93,39.55,39.59,7131059.0,0.0,1.0,39.79,39.93,39.55,39.59,7131059.0,4,0.9608091021467544
2017-02-06,39.64,39.83,39.34,39.74,8206410.0,0.0,1.0,39.64,39.83,39.34,39.74,8206410.0,0,1.2455516011661132
2017-02-07,40.01,40.34,39.7,40.02,7956319.0,0.0,1.0,40.01,40.34,39.7,40.02,7956319.0,1,1.6120906798447976
2017-02-08,40.18,40.99,39.92,40.88,7398987.0,0.0,1.0,40.18,40.99,39.92,40.88,7398987.0,2,2.6803607211856644
2017-02-09,40.44,40.995,40.3,40.83,6467576.0,0.0,1.0,40.44,40.995,40.3,40.83,6467576.0,3,1.7245657565714083
2017-02-10,40.82,40.86,40.56,40.58,6248231.0,0.0,1.0,40.82,40.86,40.56,40.58,6248231.0,4,0.7396449701658128
2017-02-13,40.83,41.3,40.74,41.17,6260907.0,0.0,1.0,40.83,41.3,40.74,41.17,6260907.0,0,1.374570446486544
2017-02-14,41.18,41.63,40.94,41.62,6496404.0,0.0,1.0,41.18,41.63,40.94,41.62,6496404.0,1,1.6853932581786069
2017-02-15,41.69,41.93,41.27,41.87,7124617.0,0.0,1.0,41.69,41.93,41.27,41.87,7124617.0,2,1.5992246181206582
2017-02-16,41.87,42.31,41.7,42.15,5730802.0,0.0,1.0,41.87,42.31,41.7,42.15,5730802.0,3,1.4628297359677163
2017-02-17,41.92,42.3,41.8,41.96,5106063.0,0.0,1.0,41.92,42.3,41.8,41.96,5106063.0,4,1.196172248561723
2017-02-21,41.93,42.56,41.9,42.43,5874724.0,0.0,1.0,41.93,42.56,41.9,42.43,5874724.0,1,1.5751789973709407
2017-02-22,42.3,42.53,42.12,42.42,4316768.0,0.0,1.0,42.3,42.53,42.12,42.42,4316768.0,2,0.9734093065029157
2017-02-23,42.37,42.67,42.16,42.53,5456296.0,0.0,1.0,42.37,42.67,42.16,42.53,5456296.0,3,1.2096774191147972
2017-02-24,42.11,43.07,41.83,43.07,6769528.0,0.0,1.0,42.11,43.07,41.83,43.07,6769528.0,4,2.9643796315970405
2017-02-27,42.89,42.89,42.35,42.64,5026742.0,0.0,1.0,42.89,42.89,42.35,42.64,5026742.0,0,1.2750885475766722
2017-02-28,42.49,42.49,41.99,42.0,6956821.0,0.0,1.0,42.49,42.49,41.99,42.0,6956821.0,1,1.190759704450599
2017-03-01,42.31,42.52,41.99,42.43,6003750.0,0.0,1.0,42.31,42.52,41.99,42.43,6003750.0,2,1.262205286731927
2017-03-02,42.4,42.86,42.2,42.77,4572587.0,0.0,1.0,42.4,42.86,42.2,42.77,4572587.0,3,1.56398104241336
2017-03-03,42.7,43.04,42.58,43.03,4214435.0,0.0,1.0,42.7,43.04,42.58,43.03,4214435.0,4,1.0803193985413913
2017-03-06,42.98,43.03,42.63,42.87,6032844.0,0.0,1.0,42.98,43.03,42.63,42.87,6032844.0,0,0.9383063567887717
2017-03-07,42.8,43.2,42.71,42.89,4404707.0,0.0,1.0,42.8,43.2,42.71,42.89,4404707.0,1,1.1472723013318955
2017-03-08,42.84,43.18,42.72,42.79,4573934.0,0.0,1.0,42.84,43.18,42.72,42.79,4573934.0,2,1.0767790259806276
2017-03-09,42.66,43.0,42.45,42.92,3487918.0,0.0,1.0,42.66,43.0,42.45,42.92,3487918.0,3,1.2956419314456866
2017-03-10,43.19,43.28,42.76,42.99,4636199.0,0.0,1.0,43.19,43.28,42.76,42.99,4636199.0,4,1.2160898033180274
2017-03-13,42.87,42.965,42.45,42.59,5527468.0,0.0,1.0,42.87,42.965,42.45,42.59,5527468.0,0,1.2131919903387143
2017-03-14,42.51,42.64,41.74,42.1,5888061.0,0.0,1.0,42.51,42.64,41.74,42.1,5888061.0,1,2.1562050788161145
2017-03-15,42.29,42.57,41.89,42.39,4291806.0,0.0,1.0,42.29,42.57,41.89,42.39,4291806.0,2,1.623299116491708
2017-03-16,42.5,42.58,42.14,42.4,3998562.0,0.0,1.0,42.5,42.58,42.14,42.4,3998562.0,3,1.0441385854270209
2017-03-17,42.57,43.3,42.37,43.08,12309652.0,0.0,1.0,42.57,43.3,42.37,43.08,12309652.0,4,2.1949492563082487
2017-03-20,43.1,43.32,42.81,43.16,6686901.0,0.0,1.0,43.1,43.32,42.81,43.16,6686901.0,0,1.191310441249243
2017-03-21,43.33,43.4,42.46,42.64,7838436.0,0.0,1.0,43.33,43.4,42.46,42.64,7838436.0,1,2.2138483275972334
2017-03-22,42.595,43.24,42.45,43.19,6513341.0,0.0,1.0,42.595,43.24,42.45,43.19,6513341.0,2,1.8610129561793514
2017-03-23,43.13,43.61,43.0,43.14,7176360.0,0.0,1.0,43.13,43.61,43.0,43.14,7176360.0,3,1.4186046509269374
2017-03-24,43.48,43.495,42.935,43.13,5739538.0,0.0,1.0,43.48,43.495,42.935,43.13,5739538.0,4,1.3042971931959642
2017-03-27,42.69,43.2,42.58,43.08,3850321.0,0.0,1.0,42.69,43.2,42.58,43.08,3850321.0,0,1.4560826676809313
2017-03-28,42.87,43.25,42.84,43.15,4396544.0,0.0,1.0,42.87,43.25,42.84,43.15,4396544.0,1,0.9570494862255714
2017-03-29,43.15,43.3,42.96,43.24,3951121.0,0.0,1.0,43.15,43.3,42.96,43.24,3951121.0,2,0.7914338917579329
2017-03-30,43.15,43.8,43.0,43.54,5691682.0,0.0,1.0,43.15,43.8,43.0,43.54,5691682.0,3,1.860465116042164
2017-03-31,43.44,43.48,43.01,43.02,5177925.0,0.0,1.0,43.44,43.48,43.01,43.02,5177925.0,4,1.092769123224599
2017-04-03,43.2,43.3,42.51,42.63,7772986.0,0.0,1.0,43.2,43.3,42.51,42.63,7772986.0,0,1.8583862618163778
2017-04-04,42.74,42.74,42.26,42.72,4681835.0,0.0,1.0,42.74,42.74,42.26,42.72,4681835.0,1,1.1358258397985423
2017-04-05,42.83,43.3433,42.74,42.89,5292287.0,0.0,1.0,42.83,43.3433,42.74,42.89,5292287.0,2,1.41155825900465
2017-04-06,42.9,43.0,42.72,42.9,5395420.0,0.0,1.0,42.9,43.0,42.72,42.9,5395420.0,3,0.6554307113748621
2017-04-07,42.89,43.175,42.71,43.04,4861189.0,0.0,1.0,42.89,43.175,42.71,43.04,4861189.0,4,1.0887380002315723
2017-04-10,43.07,43.55,43.01,43.05,4579501.0,0.0,1.0,43.07,43.55,43.01,43.05,4579501.0,0,1.2555219713990624
2017-04-11,42.99,43.09,42.61,42.69,4856260.0,0.0,1.0,42.99,43.09,42.61,42.69,4856260.0,1,1.1264961274322332
2017-04-12,42.1,42.81,42.06,42.49,5800144.0,0.0,1.0,42.1,42.81,42.06,42.49,5800144.0,2,1.7831669041802627
2017-04-13,42.5,42.89,42.32,42.55,3631442.0,0.0,1.0,42.5,42.89,42.32,42.55,3631442.0,3,1.3468809071329275
2017-04-17,42.6,43.14,42.6,43.1,3151602.0,0.0,1.0,42.6,43.14,42.6,43.1,3151602.0,0,1.267605633565097
2017-04-18,43.2,43.2,42.86,43.09,3711648.0,0.0,1.0,43.2,43.2,42.86,43.09,3711648.0,1,0.793280447734972
2017-04-19,43.03,43.47,42.9,43.3,4913855.0,0.0,1.0,43.03,43.47,42.9,43.3,4913855.0,2,1.3286713284351208
2017-04-20,43.32,43.8,43.26,43.69,4811155.0,0.0,1.0,43.32,43.8,43.26,43.69,4811155.0,3,1.2482662965759346
2017-04-21,43.86,44.0,43.6,43.81,8015796.0,0.0,1.0,43.86,44.0,43.6,43.81,8015796.0,4,0.9174311924290919
2017-04-24,44.09,44.28,43.95,44.27,4642797.0,0.0,1.0,44.09,44.28,43.95,44.27,4642797.0,0,0.7508532420915657
2017-04-25,44.49,45.01,44.35,44.71,7788588.0,0.0,1.0,44.49,45.01,44.35,44.71,7788588.0,1,1.4881623447542438
2017-04-26,45.04,45.04,44.25,44.41,8655571.0,0.0,1.0,45.04,45.04,44.25,44.41,8655571.0,2,1.7853107342332493
2017-04-27,47.25,48.1,46.75,47.15,34365577.0,0.0,1.0,47.25,48.1,46.75,47.15,34365577.0,3,2.8877005345392774
2017-04-28,47.03,47.755,46.87,47.72,11604224.0,0.0,1.0,47.03,47.755,46.87,47.72,11604224.0,4,1.8882014079328258
2017-05-01,47.39,47.7125,47.32,47.54,14417853.0,0.0,1.0,47.39,47.7125,47.32,47.54,14417853.0,0,0.8294590023228352
2017-05-02,47.41,49.07,47.4,49.05,16676632.0,0.0,1.0,47.41,49.07,47.4,49.05,16676632.0,1,3.5232067508364366
2017-05-03,49.16,49.29,48.625,49.02,11478632.0,0.0,1.0,49.16,49.29,48.625,49.02,11478632.0,2,1.3676092542902438
2017-05-04,48.93,49.38,48.82,48.91,7132621.0,0.0,1.0,48.93,49.38,48.82,48.91,7132621.0,3,1.14707087238601
2017-05-05,48.62,49.44,48.4,49.3,4859027.0,0.0,1.0,48.62,49.44,48.4,49.3,4859027.0,4,2.148760330367466
2017-05-08,49.43,49.45,48.81,49.17,6599168.0,0.0,1.0,49.43,49.45,48.81,49.17,6599168.0,0,1.3112067197268686
2017-05-09,49.06,49.37,48.9,49.22,4758885.0,0.0,1.0,49.06,49.37,48.9,49.22,4758885.0,1,0.961145194067555
2017-05-10,49.18,49.8,49.015,49.79,6487342.0,0.0,1.0,49.18,49.8,49.015,49.79,6487342.0,2,1.6015505455440007
2017-05-11,49.63,49.71,49.11,49.7,5497555.0,0.0,1.0,49.63,49.71,49.11,49.7,5497555.0,3,1.221747098144533
2017-05-12,49.58,49.75,49.24,49.37,4894021.0,0.0,1.0,49.58,49.75,49.24,49.37,4894021.0,4,1.0357432979263876
2017-05-15,49.31,50.0,49.25,49.77,4646201.0,0.0,1.0,49.31,50.0,49.25,49.77,4646201.0,0,1.5228426393877754
2017-05-16,49.63,50.35,49.57,50.34,5334049.0,0.0,1.0,49.63,50.35,49.57,50.34,5334049.0,1,1.5735323782497943
2017-05-17,49.87,50.1,49.025,49.05,6523715.0,0.0,1.0,49.87,50.1,49.025,49.05,6523715.0,2,2.192758796323929
2017-05-18,49.03,49.58,48.89,49.11,9880834.0,0.0,1.0,49.03,49.58,48.89,49.11,9880834.0,3,1.41133156043891
2017-05-19,49.15,49.71,49.06,49.39,7744600.0,0.0,1.0,49.15,49.71,49.06,49.39,7744600.0,4,1.3249082753743977
2017-05-22,49.45,49.88,49.35,49.77,13045505.0,0.0,1.0,49.45,49.88,49.35,49.77,13045505.0,0,1.0739614992886004
2017-05-23,49.9,50.18,49.77,50.13,6638684.0,0.0,1.0,49.9,50.18,49.77,50.13,6638684.0,1,0.8237894311817797
2017-05-24,50.23,51.08,50.14,51.05,6262833.0,0.0,1.0,50.23,51.08,50.14,51.05,6262833.0,2,1.8747506978422877
2017-05-25,50.77,51.13,50.64,50.93,4919674.0,0.0,1.0,50.77,51.13,50.64,50.93,4919674.0,3,0.9676145337658539
2017-05-26,51.04,51.39,50.89,51.19,4739379.0,0.0,1.0,51.04,51.39,50.89,51.19,4739379.0,4,0.9825112986815014
2017-05-30,50.96,51.28,50.86,51.06,5284417.0,0.0,1.0,50.96,51.28,50.86,51.06,5284417.0,1,0.8257963033802014
2017-05-31,51.13,52.24,50.88,52.21,10505202.0,0.0,1.0,51.13,52.24,50.88,52.21,10505202.0,2,2.6729559746409706
2017-06-01,52.48,53.39,52.475,53.16,13878328.0,0.0,1.0,52.48,53.39,52.475,53.16,13878328.0,3,1.743687470030025
2017-06-02,53.44,53.64,53.08,53.52,9019731.0,0.0,1.0,53.44,53.64,53.08,53.52,9019731.0,4,1.0550113035021695
2017-06-05,53.77,54.07,53.59,53.8,9119908.0,0.0,1.0,53.77,54.07,53.59,53.8,9119908.0,0,0.8956894941203615
2017-06-06,53.75,53.8,53.16,53.4,6212080.0,0.0,1.0,53.75,53.8,53.16,53.4,6212080.0,1,1.203912716137694
2017-06-07,53.3,53.94,53.26,53.85,6282623.0,0.0,1.0,53.3,53.94,53.26,53.85,6282623.0,2,1.2767555386757863
2017-06-08,54.03,54.43,53.45,54.39,6251592.0,0.0,1.0,54.03,54.43,53.45,54.39,6251592.0,3,1.8334892420919715
2017-06-09,54.65,55.14,52.85,53.4,10524856.0,0.0,1.0,54.65,55.14,52.85,53.4,10524856.0,4,4.333017975204669
2017-06-12,52.81,52.9,51.43,52.16,15724406.0,0.0,1.0,52.81,52.9,51.43,52.16,15724406.0,0,2.8582539371906392
2017-06-13,52.29,52.485,51.7,52.04,10119801.0,0.0,1.0,52.29,52.485,51.7,52.04,10119801.0,1,1.5183752415831293
2017-06-14,52.0,52.505,51.535,51.9,7114891.0,0.0,1.0,52.0,52.505,51.535,51.9,7114891.0,2,1.8822159695316145
2017-06-15,51.44,52.38,50.83,52.29,9945649.0,0.0,1.0,51.44,52.38,50.83,52.29,9945649.0,3,3.0493802870292086
2017-06-16,52.04,52.16,51.58,51.84,10792581.0,0.0,1.0,52.04,52.16,51.58,51.84,10792581.0,4,1.124466847419285
2017-06-19,52.28,53.0,52.1101,52.93,5276661.0,0.0,1.0,52.28,53.0,52.1101,52.93,5276661.0,0,1.7077303630165517
2017-06-20,52.84,53.23,52.43,52.52,4522851.0,0.0,1.0,52.84,53.23,52.43,52.52,4522851.0,1,1.525843982259147
2017-06-21,52.99,53.58,52.61,53.54,7992648.0,0.0,1.0,52.99,53.58,52.61,53.54,7992648.0,2,1.8437559397417829
2017-06-22,53.71,53.951,52.86,53.87,9631525.0,0.0,1.0,53.71,53.951,52.86,53.87,9631525.0,3,2.0639424894020664
2017-06-23,53.82,54.53,53.69,54.34,5954697.0,0.0,1.0,53.82,54.53,53.69,54.34,5954697.0,4,1.5645371575683242
2017-06-26,54.44,55.1,53.65,53.74,4728731.0,0.0,1.0,54.44,55.1,53.65,53.74,4728731.0,0,2.7027027025112744
2017-06-27,53.6,53.79,52.64,52.73,7680978.0,0.0,1.0,53.6,53.79,52.64,52.73,7680978.0,1,2.1846504557329354
2017-06-28,52.75,54.44,52.65,54.39,7894816.0,0.0,1.0,52.75,54.44,52.65,54.39,7894816.0,2,3.399810066280338
2017-06-29,53.81,54.1,52.52,53.42,11162726.0,0.0,1.0,53.81,54.1,52.52,53.42,11162726.0,3,3.0083777606568844
2017-06-30,53.6,54.25,53.29,53.67,7611077.0,0.0,1.0,53.6,54.25,53.29,53.67,7611077.0,4,1.801463689056476
2017-07-03,54.14,54.33,52.83,52.87,4831590.0,0.0,1.0,54.14,54.33,52.83,52.87,4831590.0,0,2.839295854433388
2017-07-05,53.0,54.75,52.94,54.61,9638570.0,0.0,1.0,53.0,54.75,52.94,54.61,9638570.0,2,3.4189648656905547
2017-07-06,54.22,54.3506,53.15,53.47,7289275.0,0.0,1.0,54.22,54.3506,53.15,53.47,7289275.0,3,2.2588899339562403
2017-07-07,53.7,54.48,53.52,53.97,4805962.0,0.0,1.0,53.7,54.48,53.52,53.97,4805962.0,4,1.7937219729039526
2017-07-10,54.91,55.42,54.7,54.96,9916785.0,0.0,1.0,54.91,55.42,54.7,54.96,9916785.0,0,1.3162705665423715
2017-07-11,54.92,55.2,54.33,54.76,8865099.0,0.0,1.0,54.92,55.2,54.33,54.76,8865099.0,1,1.6013252344899627
2017-07-12,56.6,57.445,55.55,56.55,17345098.0,0.0,1.0,56.6,57.445,55.55,56.55,17345098.0,2,3.4113411339272517
2017-07-13,57.3,57.91,56.8,57.9,14687917.0,0.0,1.0,57.3,57.91,56.8,57.9,14687917.0,3,1.9542253519331751
2017-07-14,58.14,58.63,56.915,57.16,11651935.0,0.0,1.0,58.14,58.63,56.915,57.16,11651935.0,4,3.013265395584625
2017-07-17,57.53,57.6,57.02,57.58,5604480.0,0.0,1.0,57.53,57.6,57.02,57.58,5604480.0,0,1.0171869517695171
2017-07-18,57.5,58.96,57.31,58.96,9436755.0,0.0,1.0,57.5,58.96,57.31,58.96,9436755.0,1,2.879078694638153
2017-07-19,58.31,58.62,57.55,58.35,9624663.0,0.0,1.0,58.31,58.62,57.55,58.35,9624663.0,2,1.859252823454625
2017-07-20,58.75,59.38,58.43,59.09,7990391.0,0.0,1.0,58.75,59.38,58.43,59.09,7990391.0,3,1.625877117744949
2017-07-21,59.0,59.33,58.59,58.67,7486133.0,0.0,1.0,59.0,59.33,58.59,58.67,7486133.0,4,1.263014166067137
2017-07-24,58.9,59.07,58.34,58.58,6373567.0,0.0,1.0,58.9,59.07,58.34,58.58,6373567.0,0,1.2512855671901661
2017-07-25,58.73,58.83,58.19,58.26,7859354.0,0.0,1.0,58.73,58.83,58.19,58.26,7859354.0,1,1.0998453340761216
2017-07-26,58.48,58.94,57.9,58.79,12794748.0,0.0,1.0,58.48,58.94,57.9,58.79,12794748.0,2,1.7962003452473283
2017-07-27,61.0,61.3,57.6921,60.15,22678000.0,0.0,1.0,61.0,61.3,57.6921,60.15,22678000.0,3,6.253715846526191
2017-07-28,59.8,60.71,59.04,59.2,10684806.0,0.0,1.0,59.8,60.71,59.04,59.2,10684806.0,4,2.828590785733695
2017-07-31,59.37,59.64,58.52,58.55,7307044.0,0.0,1.0,59.37,59.64,58.52,58.55,7307044.0,0,1.913875597911968
2017-08-01,59.0,59.39,58.79,59.34,8950112.0,0.0,1.0,59.0,59.39,58.79,59.34,8950112.0,1,1.0205817314151773
2017-08-02,59.67,59.71,58.44,59.12,6486312.0,0.0,1.0,59.67,59.71,58.44,59.12,6486312.0,2,2.1731690621112705
2017-08-03,59.16,59.28,58.36,58.42,6104372.0,0.0,1.0,59.16,59.28,58.36,58.42,6104372.0,3,1.5764222068170426
2017-08-04,58.62,58.93,58.32,58.86,6118655.0,0.0,1.0,58.62,58.93,58.32,58.86,6118655.0,4,1.0459533605949218
2017-08-07,59.18,59.64,58.84,59.62,5875028.0,0.0,1.0,59.18,59.64,58.84,59.62,5875028.0,0,1.3596193064218767
2017-08-08,59.61,59.88,59.25,59.48,5960460.0,0.0,1.0,59.61,59.88,59.25,59.48,5960460.0,1,1.063291139069932
2017-08-09,58.97,59.73,58.59,59.67,5991127.0,0.0,1.0,58.97,59.73,58.59,59.67,5991127.0,2,1.9457245261956757
2017-08-10,59.24,59.37,57.81,58.02,9341375.0,0.0,1.0,59.24,59.37,57.81,58.02,9341375.0,3,2.698495069879428
2017-08-11,57.85,58.25,57.58,58.04,6891359.0,0.0,1.0,57.85,58.25,57.58,58.04,6891359.0,4,1.1635984715158543
2017-08-14,58.61,59.2763,58.271,59.06,7127903.0,0.0,1.0,58.61,59.2763,58.271,59.06,7127903.0,0,1.7252149437941142
2017-08-15,59.3,59.98,59.23,59.69,6419599.0,0.0,1.0,59.3,59.98,59.23,59.69,6419599.0,1,1.266250210870723
2017-08-16,59.95,60.7,59.6,60.29,5679048.0,0.0,1.0,59.95,60.7,59.6,60.29,5679048.0,2,1.8456375837217394
2017-08-17,60.15,60.28,59.29,59.29,6537123.0,0.0,1.0,60.15,60.28,59.29,59.29,6537123.0,3,1.6697588124444707
2017-08-18,59.36,59.82,58.94,59.44,4594653.0,0.0,1.0,59.36,59.82,58.94,59.44,4594653.0,4,1.4930437731566144
2017-08-21,59.33,59.65,58.755,59.4,4206531.0,0.0,1.0,59.33,59.65,58.755,59.4,4206531.0,0,1.5232746147535892
2017-08-22,59.72,61.0,59.44,60.84,5782471.0,0.0,1.0,59.72,61.0,59.44,60.84,5782471.0,1,2.624495289194769
2017-08-23,60.3,60.51,59.82,60.04,4511679.0,0.0,1.0,60.3,60.51,59.82,60.04,4511679.0,2,1.1534603809743231
2017-08-24,60.22,60.43,59.11,60.0,3787878.0,0.0,1.0,60.22,60.43,59.11,60.0,3787878.0,3,2.2331246826218205
2017-08-25,60.33,60.58,59.61,59.97,4006421.0,0.0,1.0,60.33,60.58,59.61,59.97,4006421.0,4,1.6272437508779944
2017-08-28,60.31,60.53,59.81,60.53,4616049.0,0.0,1.0,60.31,60.53,59.81,60.53,4616049.0,0,1.203812071390729
2017-08-29,59.82,61.16,59.63,61.01,4330268.0,0.0,1.0,59.82,61.16,59.63,61.01,4330268.0,1,2.5658225723585844
2017-08-30,61.05,61.86,60.89,61.77,5613393.0,0.0,1.0,61.05,61.86,60.89,61.77,5613393.0,2,1.5930366232524307
2017-08-31,62.0,62.029,61.17,61.68,6088973.0,0.0,1.0,62.0,62.029,61.17,61.68,6088973.0,3,1.4042831451669002
2017-09-01,61.98,62.23,61.3831,61.46,3389772.0,0.0,1.0,61.98,62.23,61.3831,61.46,3389772.0,4,1.3796957141275215
2017-09-05,61.26,61.75,60.58,61.27,5696603.0,0.0,1.0,61.26,61.75,60.58,61.27,5696603.0,1,1.9313304719347428
2017-09-06,61.74,61.99,60.9,61.24,5217668.0,0.0,1.0,61.74,61.99,60.9,61.24,5217668.0,2,1.789819375859139
2017-09-07,61.33,62.13,61.28,62.0,4962951.0,0.0,1.0,61.33,62.13,61.28,62.0,4962951.0,3,1.387075717850223
2017-09-08,61.94,62.0,61.1,61.13,4876488.0,0.0,1.0,61.94,62.0,61.1,61.13,4876488.0,4,1.4729950898502864
2017-09-11,61.73,63.26,61.62,62.64,8162604.0,0.0,1.0,61.73,63.26,61.62,62.64,8162604.0,0,2.661473547382883
2017-09-12,62.95,63.12,62.15,62.56,6199885.0,0.0,1.0,62.95,63.12,62.15,62.56,6199885.0,1,1.560740144647525
2017-09-13,62.47,62.75,61.58,62.04,6113877.0,0.0,1.0,62.47,62.75,61.58,62.04,6113877.0,2,1.8999675217572332
2017-09-14,62.04,62.37,61.71,62.24,5657030.0,0.0,1.0,62.04,62.37,61.71,62.24,5657030.0,3,1.0695187164137394
2017-09-15,62.27,62.8,61.96,62.5,9561717.0,0.0,1.0,62.27,62.8,61.96,62.5,9561717.0,4,1.355713363296701
2017-09-18,62.62,63.5299,62.52,62.92,7561354.0,0.0,1.0,62.62,63.5299,62.52,62.92,7561354.0,0,1.615323096446545
2017-09-19,63.01,63.925,62.96,63.83,7646245.0,0.0,1.0,63.01,63.925,62.96,63.83,7646245.0,1,1.5327191866239929
2017-09-20,63.99,64.87,63.83,64.74,11704012.0,0.0,1.0,63.99,64.87,63.83,64.74,11704012.0,2,1.6293279020811298
2017-09-21,64.67,64.95,63.905,64.63,6539750.0,0.0,1.0,64.67,64.95,63.905,64.63,6539750.0,3,1.6352398089325817
2017-09-22,64.33,65.24,64.11,65.08,6539011.0,0.0,1.0,64.33,65.24,64.11,65.08,6539011.0,4,1.7625955387587453
2017-09-25,65.0,65.0,62.365,63.5,13088161.0,0.0,1.0,65.0,65.0,62.365,63.5,13088161.0,0,4.225126272582003
2017-09-26,63.71,63.7623,62.84,62.94,8084916.0,0.0,1.0,63.71,63.7623,62.84,62.94,8084916.0,1,1.4676957350390438
2017-09-27,63.41,63.75,63.1601,63.33,6807674.0,0.0,1.0,63.41,63.75,63.1601,63.33,6807674.0,2,0.9339757218545657
2017-09-28,63.62,64.055,63.11,63.93,3982117.0,0.0,1.0,63.62,64.055,63.11,63.93,3982117.0,3,1.4973855171898265
2017-09-29,63.86,64.17,63.5,64.03,6706995.0,0.0,1.0,63.86,64.17,63.5,64.03,6706995.0,4,1.0551181100770748
2017-10-02,64.5,65.12,64.1,64.18,5141673.0,0.0,1.0,64.5,65.12,64.1,64.18,5141673.0,0,1.5912636503875603
2017-10-03,64.51,64.51,63.7607,64.22,5614020.0,0.0,1.0,64.51,64.51,63.7607,64.22,5614020.0,1,1.1751753037511037
2017-10-04,64.3,64.3,63.69,64.01,4399565.0,0.0,1.0,64.3,64.3,63.69,64.01,4399565.0,2,0.9577641700408748
2017-10-05,64.38,66.0,64.22,65.82,6918222.0,0.0,1.0,64.38,66.0,64.22,65.82,6918222.0,3,2.7717222047605645
2017-10-06,66.0,66.41,65.79,66.05,6102894.0,0.0,1.0,66.0,66.41,65.79,66.05,6102894.0,4,0.9423924607068699
2017-10-09,66.2,66.55,65.9,66.23,5511409.0,0.0,1.0,66.2,66.55,65.9,66.23,5511409.0,0,0.9863429437010609
2017-10-10,66.6,66.67,65.79,66.04,5795772.0,0.0,1.0,66.6,66.67,65.79,66.04,5795772.0,1,1.3375892991315652
2017-10-11,67.25,68.42,66.98,67.78,11918941.0,0.0,1.0,67.25,68.42,66.98,67.78,11918941.0,2,2.149895491038876
2017-10-12,68.02,68.98,67.8048,68.86,8607233.0,0.0,1.0,68.02,68.98,67.8048,68.86,8607233.0,3,1.7332106280060913
2017-10-13,69.49,69.61,68.0,68.66,8596855.0,0.0,1.0,69.49,69.61,68.0,68.66,8596855.0,4,2.3676470586729863
2017-10-16,69.04,69.2,67.28,67.31,9449837.0,0.0,1.0,69.04,69.2,67.28,67.31,9449837.0,0,2.853745540869724
2017-10-17,67.65,67.67,66.35,66.67,10630805.0,0.0,1.0,67.65,67.67,66.35,66.67,10630805.0,1,1.9894498868093535
2017-10-18,67.4,67.5,67.0,67.26,7866118.0,0.0,1.0,67.4,67.5,67.0,67.26,7866118.0,2,0.7462686565660448
2017-10-19,67.3,67.45,66.16,67.25,11645310.0,0.0,1.0,67.3,67.45,66.16,67.25,11645310.0,3,1.949818621369488
2017-10-20,71.33,71.73,69.69,70.97,33976887.0,0.0,1.0,71.33,71.73,69.69,70.97,33976887.0,4,2.927249246516112
2017-10-23,71.02,71.33,69.55,69.8,12004583.0,0.0,1.0,71.02,71.33,69.55,69.8,12004583.0,0,2.559309848882023
2017-10-24,69.73,70.565,69.67,70.21,12057648.0,0.0,1.0,69.73,70.565,69.67,70.21,12057648.0,1,1.2846275296378735
2017-10-25,69.94,71.42,69.85,71.02,11908785.0,0.0,1.0,69.94,71.42,69.85,71.02,11908785.0,2,2.247673586109883
2017-10-26,71.46,72.07,71.04,71.34,7967791.0,0.0,1.0,71.46,72.07,71.04,71.34,7967791.0,3,1.4498873872445586
2017-10-27,71.72,71.79,70.58,71.06,9192172.0,0.0,1.0,71.72,71.79,70.58,71.06,9192172.0,4,1.7143666759681082
2017-10-30,71.45,71.54,70.53,71.15,6911407.0,0.0,1.0,71.45,71.54,70.53,71.15,6911407.0,0,1.4320147453545644
2017-10-31,71.34,72.74,71.11,72.56,7478157.0,0.0,1.0,71.34,72.74,71.11,72.56,7478157.0,1,2.2922233158454475
2017-11-01,72.78,72.99,71.69,72.38,6576235.0,0.0,1.0,72.78,72.99,71.69,72.38,6576235.0,2,1.8133630909445912
2017-11-02,72.46,72.7755,72.01,72.25,4518557.0,0.0,1.0,72.46,72.7755,72.01,72.25,4518557.0,3,1.063046798915309
2017-11-03,72.37,73.41,71.94,73.39,6714105.0,0.0,1.0,72.37,73.41,71.94,73.39,6714105.0,4,2.043369474420274
2017-11-06,73.72,74.76,73.42,74.74,10052359.0,0.0,1.0,73.72,74.76,73.42,74.74,10052359.0,0,1.8251157721304452
2017-11-07,75.17,75.45,74.19,74.41,6855004.0,0.0,1.0,75.17,75.45,74.19,74.41,6855004.0,1,1.6983420944848433
2017-11-09,74.02,74.2,72.41,74.1,8526645.0,0.0,1.0,74.02,74.2,72.41,74.1,8526645.0,3,2.472034249271559
2017-11-10,73.77,74.14,73.56,73.99,5703206.0,0.0,1.0,73.77,74.14,73.56,73.99,5703206.0,4,0.7884719955127935
2017-11-13,73.61,74.29,73.34,74.03,5821794.0,0.0,1.0,73.61,74.29,73.34,74.03,5821794.0,0,1.2953367874266632
2017-11-14,74.1,74.82,73.62,74.49,5426087.0,0.0,1.0,74.1,74.82,73.62,74.49,5426087.0,1,1.6299918499026944
2017-11-15,74.3,74.4,73.1853,73.43,5780290.0,0.0,1.0,74.3,74.4,73.1853,73.43,5780290.0,2,1.659759541736321
2017-11-16,75.5,77.94,75.28,77.7,12154083.0,0.0,1.0,75.5,77.94,75.28,77.7,12154083.0,3,3.533475026429926
2017-11-17,78.01,78.01,75.8,76.38,11771514.0,0.0,1.0,78.01,78.01,75.8,76.38,11771514.0,4,2.9155672821861316
2017-11-20,76.6,77.32,75.88,76.01,6799610.0,0.0,1.0,76.6,77.32,75.88,76.01,6799610.0,0,1.8977332629126238
2017-11-21,77.09,78.43,76.85,77.77,10283504.0,0.0,1.0,77.09,78.43,76.85,77.77,10283504.0,1,2.055953155364932
2017-11-22,77.9,77.99,76.62,77.57,7975445.0,0.0,1.0,77.9,77.99,76.62,77.57,7975445.0,2,1.7880448967608942
2017-11-24,77.81,78.9,77.7,78.57,4305618.0,0.0,1.0,77.81,78.9,77.7,78.57,4305618.0,4,1.544401544270869
2017-11-27,78.63,79.385,77.71,77.84,6745449.0,0.0,1.0,78.63,79.385,77.71,77.84,6745449.0,0,2.1554497489355953
2017-11-28,77.95,78.23,77.2435,77.79,8570920.0,0.0,1.0,77.95,78.23,77.2435,77.79,8570920.0,1,1.2771301143769165
2017-11-29,77.95,77.98,71.67,73.25,24981118.0,0.0,1.0,77.95,77.98,71.67,73.25,24981118.0,2,8.804241663026644
2017-11-30,73.77,75.87,73.54,75.73,15737916.0,0.0,1.0,73.77,75.87,73.54,75.73,15737916.0,3,3.168343758358489
2017-12-01,75.22,76.44,74.26,75.2999,13310272.0,0.0,1.0,75.22,76.44,74.26,75.2999,13310272.0,4,2.9356315646337947
2017-12-04,75.59,75.7439,68.61,70.97,26157704.0,0.0,1.0,75.59,75.7439,68.61,70.97,26157704.0,0,10.39775542907681
2017-12-05,69.81,72.75,69.61,71.2,15818651.0,0.0,1.0,69.81,72.75,69.61,71.2,15818651.0,1,4.510846142645434
2017-12-06,70.89,73.2,70.83,73.14,9188317.0,0.0,1.0,70.89,73.2,70.83,73.14,9188317.0,2,3.3460398134923963
2017-12-07,73.25,74.069,73.25,73.69,7547591.0,0.0,1.0,73.25,74.069,73.25,73.69,7547591.0,3,1.1180887370633172
2017-12-08,74.71,74.71,72.6,72.91,8130594.0,0.0,1.0,74.71,74.71,72.6,72.91,8130594.0,4,2.906336088012523
2017-12-11,72.96,73.68,72.56,73.29,5786918.0,0.0,1.0,72.96,73.68,72.56,73.29,5786918.0,0,1.5435501652404326
2017-12-12,73.45,74.31,73.0,73.62,5947690.0,0.0,1.0,73.45,74.31,73.0,73.62,5947690.0,1,1.7945205478057602
2017-12-13,74.08,75.42,73.77,74.09,7037486.0,0.0,1.0,74.08,75.42,73.77,74.09,7037486.0,2,2.2366815777385938
2017-12-14,74.5,75.53,74.2,74.26,7453419.0,0.0,1.0,74.5,75.53,74.2,74.26,7453419.0,3,1.792452830051488
2017-12-15,74.82,75.87,73.51,75.65,10935788.0,0.0,1.0,74.82,75.87,73.51,75.65,10935788.0,4,3.210447558014934
2017-12-18,76.3,76.35,75.2,75.32,8034166.0,0.0,1.0,76.3,76.35,75.2,75.32,8034166.0,0,1.529255319013913
2017-12-19,75.39,75.39,73.91,74.5,7430435.0,0.0,1.0,75.39,75.39,73.91,74.5,7430435.0,1,2.002435394260587
2017-12-20,74.64,74.9,73.76,74.0,5964055.0,0.0,1.0,74.64,74.9,73.76,74.0,5964055.0,2,1.5455531451985536
2017-12-21,74.19,74.47,73.8,74.02,4556474.0,0.0,1.0,74.19,74.47,73.8,74.02,4556474.0,3,0.9078590784540523
2017-12-22,73.8,74.04,72.9,73.89,3570969.0,0.0,1.0,73.8,74.04,72.9,73.89,3570969.0,4,1.563786008091128
2017-12-26,73.29,74.34,72.63,74.27,4683371.0,0.0,1.0,73.29,74.34,72.63,74.27,4683371.0,1,2.3543990085331785
2017-12-27,74.25,74.93,74.0,74.59,4226467.0,0.0,1.0,74.25,74.93,74.0,74.59,4226467.0,2,1.2567567566199358
2017-12-28,74.96,75.0,73.86,74.17,3363964.0,0.0,1.0,74.96,75.0,73.86,74.17,3363964.0,3,1.5434606009998078
2017-12-29,73.92,74.53,73.58,73.62,4396182.0,0.0,1.0,73.92,74.53,73.58,73.62,4396182.0,4,1.291111715002316
